time_ns,shock_radius_mm,shock_radius_cm,gold_radius_mm,gold_radius_cm
0.015985985985985992,0.8000191557670706,0.08000191557670706,0.800011334121845,0.0800011334121845
0.015985985985985992,0.8000191557670706,0.08000191557670706,0.800011334121845,0.0800011334121845
0.015985985985985992,0.8000191557670706,0.08000191557670706,0.800011334121845,0.0800011334121845
0.01897897897897898,0.8000310918980104,0.08000310918980104,0.8000160019557689,0.0800016001955769
0.02197197197197198,0.8000440382264896,0.08000440382264896,0.8000199619326973,0.08000199619326973
0.024964964964964968,0.8000566097683537,0.08000566097683537,0.8000234807071214,0.08000234807071213
0.027957957957957965,0.8000685793387294,0.08000685793387294,0.8000266530373312,0.08000266530373312
0.030950950950950955,0.8000815855182388,0.08000815855182389,0.8000296671901583,0.08000296671901583
0.03394394394394395,0.8000948563613203,0.08000948563613203,0.8000325638268407,0.08000325638268407
0.03693693693693695,0.8001072953425441,0.08001072953425441,0.8000353115244673,0.08000353115244672
0.039929929929929935,0.8001197394904368,0.08001197394904368,0.8000379368791677,0.08000379368791677
0.04292292292292293,0.8001330474616157,0.08001330474616157,0.8000404919797409,0.08000404919797409
0.04591591591591592,0.8001466422037973,0.08001466422037973,0.8000429912687114,0.08000429912687114
0.04890890890890892,0.8001595741797013,0.08001595741797013,0.8000454170302751,0.08000454170302751
0.051901901901901915,0.8001723870861638,0.08001723870861638,0.8000477734094852,0.08000477734094852
0.0548948948948949,0.8001857979953986,0.08001857979953986,0.8000500816478818,0.08000500816478819
0.057887887887887894,0.8001994824920442,0.08001994824920441,0.8000523504656442,0.08000523504656441
0.06088088088088089,0.8002140750736688,0.08002140750736689,0.8000545994997145,0.08000545994997145
0.06387387387387387,0.8002290336245378,0.08002290336245378,0.8000568337815905,0.08000568337815905
0.06686686686686688,0.8002429313010967,0.08002429313010967,0.8000590330178512,0.08000590330178511
0.06985985985985986,0.8002578714407604,0.08002578714407604,0.8000612151864566,0.08000612151864565
0.07285285285285285,0.8002729817549031,0.08002729817549031,0.8000633817138082,0.08000633817138082
0.07584584584584585,0.8002884405290347,0.08002884405290348,0.8000655363739613,0.08000655363739613
0.07883883883883884,0.8003041647412822,0.08003041647412822,0.8000676812679872,0.08000676812679872
0.08183183183183185,0.800318903809042,0.0800318903809042,0.8000698029234947,0.08000698029234947
0.08482482482482483,0.8003345314164966,0.08003345314164965,0.8000719120255467,0.08000719120255467
0.08781781781781782,0.8003507478807874,0.08003507478807874,0.8000740142554223,0.08000740142554223
0.09081081081081083,0.8003659922728706,0.08003659922728706,0.8000760982925524,0.08000760982925524
0.0938038038038038,0.8003804895375393,0.08003804895375392,0.8000781569312566,0.08000781569312566
0.09679679679679681,0.8003949236072551,0.08003949236072551,0.8000801905649824,0.08000801905649824
0.09978978978978979,0.8004120690314247,0.08004120690314247,0.8000822242003752,0.08000822242003752
0.10278278278278279,0.8004298009997092,0.08004298009997092,0.8000842613395643,0.08000842613395644
0.1057757757757758,0.8004460820684296,0.08004460820684296,0.8000862884874838,0.08000862884874838
0.10876876876876877,0.800461616579795,0.0800461616579795,0.800088299466116,0.0800088299466116
0.11176176176176178,0.8004793715393166,0.08004793715393166,0.8000903110455025,0.08000903110455025
0.11475475475475477,0.8004985682794253,0.08004985682794254,0.8000923323780484,0.08000923323780484
0.11774774774774775,0.8005178710794646,0.08005178710794646,0.8000943623344896,0.08000943623344896
0.12074074074074076,0.8005374895350517,0.08005374895350517,0.800096401322075,0.0800096401322075
0.12373373373373375,0.8005585498297819,0.0800558549829782,0.8000984569718111,0.08000984569718111
0.12672672672672677,0.8005791806241386,0.08005791806241386,0.8001005244580723,0.08001005244580724
0.12971971971971974,0.8006006251988096,0.08006006251988096,0.8001026069558654,0.08001026069558655
0.13271271271271273,0.8006227515416529,0.08006227515416528,0.8001047065614144,0.08001047065614145
0.13570570570570573,0.800641744838967,0.0800641744838967,0.8001068035443405,0.08001068035443405
0.13869869869869875,0.8006594107877056,0.08006594107877056,0.8001088900419178,0.08001088900419177
0.1416916916916917,0.8006805957997656,0.08006805957997656,0.8001109847059147,0.08001109847059147
0.1446846846846847,0.8007023367849003,0.08007023367849003,0.8001130891799952,0.08001130891799953
0.14767767767767773,0.8007221737086405,0.08007221737086405,0.800115192635727,0.0800115192635727
0.1506706706706707,0.8007403032725988,0.08007403032725988,0.8001172861941285,0.08001172861941284
0.15366366366366369,0.8007579828630267,0.08007579828630267,0.8001193677362377,0.08001193677362377
0.1566566566566567,0.8007802035156237,0.08007802035156238,0.8001214582153277,0.08001214582153277
0.15964964964964967,0.8008034486442361,0.08008034486442361,0.8001235611368606,0.08001235611368605
0.16264264264264267,0.8008245542748424,0.08008245542748424,0.8001256659408461,0.08001256659408461
0.1656356356356357,0.8008436068176967,0.08008436068176968,0.8001277632925331,0.08001277632925331
0.16862862862862865,0.8008620037040461,0.08008620037040462,0.80012985040279,0.08001298504027901
0.17162162162162165,0.8008817932064902,0.08008817932064902,0.8001319329497679,0.08001319329497679
0.17461461461461467,0.800899756632139,0.0800899756632139,0.8001340035677541,0.08001340035677541
0.17760760760760766,0.800919797608656,0.0800919797608656,0.8001360703753804,0.08001360703753804
0.18060060060060062,0.8009427745862565,0.08009427745862566,0.8001381440829707,0.08001381440829707
0.18359359359359362,0.8009634505337481,0.0800963450533748,0.8001402155546565,0.08001402155546565
0.18658658658658664,0.8009832178387752,0.08009832178387752,0.8001422812716981,0.08001422812716981
0.1895795795795796,0.8010027862581605,0.08010027862581605,0.8001443404425767,0.08001443404425766
0.1925725725725726,0.8010212910317321,0.08010212910317321,0.8001463894076922,0.08001463894076923
0.19556556556556562,0.801043781864693,0.0801043781864693,0.8001484415149708,0.08001484415149708
0.19855855855855858,0.8010688391464558,0.08010688391464557,0.8001505046186047,0.08001505046186047
0.20155155155155158,0.8010920429442032,0.08010920429442032,0.8001525719948768,0.08001525719948768
0.2045445445445446,0.8011128145549942,0.08011128145549942,0.8001546355416801,0.08001546355416801
0.20753753753753756,0.8011331985006215,0.08011331985006215,0.800156693929941,0.08001566939299411
0.21053053053053056,0.8011571109684928,0.08011571109684928,0.8001587576346472,0.08001587576346472
0.21352352352352358,0.8011837512657384,0.08011837512657384,0.8001608341518817,0.08001608341518816
0.21651651651651657,0.8012071041579715,0.08012071041579714,0.8001629131927251,0.08001629131927251
0.21950950950950954,0.8012292763441906,0.08012292763441906,0.8001649910327444,0.08001649910327444
0.22250250250250256,0.8012506419802405,0.08012506419802405,0.8001670652106441,0.0800167065210644
0.22549549549549555,0.8012718262087624,0.08012718262087623,0.8001691351161309,0.08001691351161308
0.22848848848848852,0.8012916717031118,0.08012916717031118,0.8001711970929968,0.08001711970929967
0.2314814814814815,0.8013164067927754,0.08013164067927754,0.8001732640041592,0.08001732640041592
0.23447447447447453,0.8013444472573937,0.08013444472573937,0.8001753439341552,0.08001753439341552
0.2374674674674675,0.8013703774758105,0.08013703774758105,0.8001774308251992,0.08001774308251992
0.24046046046046052,0.8013934037374258,0.08013934037374258,0.8001796183950339,0.0800179618395034
0.2434534534534535,0.8014159376916756,0.08014159376916756,0.8001819316353762,0.08001819316353762
0.24644644644644648,0.8014383167141101,0.08014383167141101,0.800184237836125,0.0800184237836125
0.2494394394394395,0.8014592043964044,0.08014592043964044,0.8001865331155145,0.08001865331155145
0.25243243243243246,0.8014868873336314,0.08014868873336314,0.8001888350861366,0.08001888350861366
0.25542542542542546,0.8015193073023846,0.08015193073023846,0.8001911552393116,0.08001911552393116
0.2584184184184185,0.8015487172182335,0.08015487172182335,0.80019348520846,0.080019348520846
0.26141141141141144,0.801574216654648,0.0801574216654648,0.80019581483268,0.080019581483268
0.26440440440440444,0.8015986031303047,0.08015986031303048,0.8001981412145673,0.08001981412145673
0.2673973973973975,0.8016225650395835,0.08016225650395835,0.8002004632405828,0.08002004632405828
0.2703903903903904,0.8016447026418417,0.08016447026418418,0.8002027766034623,0.08002027766034622
0.2733833833833834,0.8016670635464487,0.08016670635464487,0.8002050819078468,0.08002050819078468
0.27637637637637646,0.8016898137219259,0.0801689813721926,0.8002073801029198,0.08002073801029198
0.2793693693693694,0.8017169045232732,0.08017169045232732,0.8002096808280935,0.08002096808280935
0.2823623623623624,0.8017487353226073,0.08017487353226073,0.8002119941371806,0.08002119941371806
0.28535535535535544,0.8017778753553,0.08017778753553,0.8002143136572359,0.0800214313657236
0.2883483483483484,0.8018052738249204,0.08018052738249204,0.8002166353124834,0.08002166353124834
0.2913413413413414,0.8018302042816948,0.08018302042816948,0.8002189537003017,0.08002189537003017
0.2943343343343344,0.8018526443964259,0.08018526443964259,0.8002212636307946,0.08002212636307945
0.29732732732732736,0.8018777002977857,0.08018777002977857,0.8002236379217287,0.08002236379217287
0.30032032032032036,0.8019010870803938,0.08019010870803937,0.8002260890688753,0.08002260890688753
0.30331331331331335,0.8019247797504787,0.08019247797504787,0.8002285316485225,0.08002285316485225
0.30630630630630634,0.8019469650397605,0.08019469650397605,0.8002309626615518,0.08002309626615518
0.3092992992992994,0.801969695742228,0.0801969695742228,0.8002333834090924,0.08002333834090924
0.31229229229229233,0.8019925836759606,0.08019925836759606,0.8002357943598069,0.08002357943598068
0.3152852852852853,0.8020202071638255,0.08020202071638255,0.8002382049355495,0.08002382049355496
0.31827827827827837,0.8020494767314541,0.08020494767314541,0.800240618165622,0.0800240618165622
0.3212712712712713,0.8020774885653553,0.08020774885653553,0.8002430314112252,0.08002430314112252
0.3242642642642643,0.802104748326832,0.0802104748326832,0.8002454430989693,0.08002454430989693
0.32725725725725735,0.8021294368591375,0.08021294368591375,0.8002478483524716,0.08002478483524716
0.3302502502502503,0.8021540495799112,0.08021540495799112,0.8002502470716633,0.08002502470716633
0.3332432432432433,0.8021790151880381,0.08021790151880381,0.8002526399348917,0.08002526399348917
0.33623623623623633,0.8022021066034275,0.08022021066034275,0.8002550236386521,0.08002550236386521
0.33922922922922927,0.8022256246993863,0.08022256246993863,0.8002573990535131,0.0800257399053513
0.34222222222222226,0.8022498666793808,0.08022498666793808,0.8002597675271427,0.08002597675271426
0.3452152152152153,0.8022724413696974,0.08022724413696974,0.8002621485443293,0.08002621485443293
0.34820820820820825,0.8022956841063864,0.08022956841063864,0.8002646106814616,0.08002646106814616
0.35120120120120124,0.8023227938108823,0.08023227938108823,0.8002670692153213,0.08002670692153213
0.3541941941941943,0.8023506338809676,0.08023506338809676,0.8002695253601422,0.08002695253601422
0.3571871871871872,0.8023778917774655,0.08023778917774656,0.800271978064921,0.0800271978064921
0.3601801801801802,0.8024050396955917,0.08024050396955917,0.800274427109394,0.0800274427109394
0.36317317317317327,0.8024297430783155,0.08024297430783155,0.8002768684434453,0.08002768684434453
0.3661661661661662,0.802454562200579,0.0802454562200579,0.8002793023393369,0.08002793023393369
0.3691591591591592,0.8024799833535744,0.08024799833535744,0.8002817298385606,0.08002817298385606
0.37215215215215225,0.8025034027201581,0.0802503402720158,0.800284147826988,0.0800284147826988
0.3751451451451452,0.8025272907029763,0.08025272907029764,0.8002865571713934,0.08002865571713934
0.37813813813813824,0.8025520765348442,0.08025520765348441,0.8002889663319117,0.08002889663319117
0.38113113113113123,0.8025750667010234,0.08025750667010234,0.8002914396117046,0.08002914396117046
0.38412412412412417,0.8026010871892815,0.08026010871892815,0.8002939065403363,0.08002939065403362
0.3871171171171172,0.8026301210829677,0.08026301210829677,0.8002963717842303,0.08002963717842303
0.3901101101101102,0.8026564042328345,0.08026564042328345,0.8002988311115842,0.08002988311115841
0.39310310310310315,0.8026825327137299,0.08026825327137299,0.8003012843322563,0.08003012843322563
0.3960960960960962,0.8027091594003206,0.08027091594003206,0.8003037322280968,0.08003037322280968
0.39908908908908913,0.8027334608688304,0.08027334608688304,0.800306171436494,0.0800306171436494
0.4020820820820821,0.8027581058747084,0.08027581058747084,0.8003086025665563,0.08003086025665564
0.4050750750750752,0.8027874144279499,0.08027874144279498,0.8003110323511555,0.08003110323511556
0.4080680680680681,0.8028177206006819,0.08028177206006819,0.8003134621260571,0.08003134621260571
0.4110610610610611,0.8028472474230558,0.08028472474230558,0.8003158907083641,0.0800315890708364
0.41405405405405415,0.8028766710199625,0.08028766710199625,0.8003183178869032,0.08003183178869032
0.4170470470470471,0.8029031201482142,0.08029031201482142,0.800320739551768,0.0800320739551768
0.4200400400400401,0.8029295242189832,0.08029295242189832,0.8003231556781851,0.08003231556781851
0.42303303303303313,0.8029611663088376,0.08029611663088376,0.8003255732694846,0.08003255732694846
0.4260260260260261,0.8029941234445841,0.0802994123444584,0.8003279939338541,0.08003279939338541
0.42901901901901907,0.8030258859533225,0.08030258859533225,0.8003304159570758,0.08003304159570758
0.4320120120120121,0.8030572514124233,0.08030572514124233,0.8003328387087173,0.08003328387087173
0.43500500500500505,0.8030852143166477,0.08030852143166477,0.800335257742637,0.0800335257742637
0.43799799799799805,0.8031129471572775,0.08031129471572776,0.8003376890515596,0.08003376890515596
0.4409909909909911,0.8031415134377168,0.08031415134377168,0.8003403473823019,0.08003403473823019
0.44398398398398403,0.8031700268017534,0.08031700268017535,0.8003429992856652,0.08003429992856652
0.446976976976977,0.8032010852549332,0.08032010852549332,0.8003456482472909,0.08003456482472909
0.4499699699699701,0.8032322983700579,0.0803232298370058,0.8003482944523437,0.08003482944523437
0.452962962962963,0.8032601992103159,0.08032601992103158,0.800350933516963,0.0800350933516963
0.45595595595595606,0.8032880258030546,0.08032880258030546,0.8003535654230037,0.08003535654230037
0.45894894894894905,0.8033166634332402,0.08033166634332402,0.8003561912927724,0.08003561912927723
0.461941941941942,0.8033425288648143,0.08033425288648142,0.8003588076518886,0.08003588076518886
0.46493493493493504,0.8033687935939646,0.08033687935939646,0.8003614151366745,0.08003614151366745
0.46792792792792803,0.8033962753551331,0.08033962753551331,0.8003640153797333,0.08003640153797334
0.47092092092092097,0.8034250604349836,0.08034250604349837,0.8003666100656592,0.08003666100656592
0.47391391391391396,0.803452612899125,0.0803452612899125,0.8003691977363072,0.08003691977363073
0.47690690690690696,0.8034844381604225,0.08034844381604225,0.8003717836151831,0.08003717836151832
0.4798998998999,0.803513067724128,0.0803513067724128,0.8003743638518404,0.08003743638518404
0.482892892892893,0.8035423680208725,0.08035423680208725,0.8003769392829579,0.0800376939282958
0.485885885885886,0.8035687046128636,0.08035687046128635,0.8003795064737862,0.08003795064737862
0.48887887887887893,0.8035954128554854,0.08035954128554854,0.8003820659560658,0.08003820659560658
0.4918718718718719,0.8036234103772022,0.08036234103772022,0.8003846192947215,0.08003846192947214
0.494864864864865,0.8036486909999971,0.08036486909999971,0.8003871634708968,0.08003871634708967
0.49785785785785797,0.8036745713612802,0.08036745713612801,0.80038969927823,0.080038969927823
0.5008508508508509,0.8037019667259335,0.08037019667259335,0.8003922285006865,0.08003922285006865
0.503843843843844,0.8037273979155922,0.08037273979155922,0.800394749048875,0.0800394749048875
0.5068368368368369,0.8037541099444954,0.08037541099444953,0.8003972624247087,0.08003972624247087
0.5098298298298298,0.8037822651253232,0.08037822651253232,0.8003997702591314,0.08003997702591314
0.512822822822823,0.8038075876290682,0.08038075876290682,0.800402269580014,0.0800402269580014
0.5158158158158159,0.803833508247189,0.0803833508247189,0.8004047611245029,0.08004047611245028
0.5188088088088089,0.8038610483466566,0.08038610483466566,0.8004072466745037,0.08004072466745037
0.5218018018018019,0.8038872313852068,0.08038872313852068,0.8004097248812947,0.08004097248812947
0.5247947947947948,0.8039154862836718,0.08039154862836718,0.8004121979487394,0.08004121979487394
0.5277877877877879,0.8039482398981367,0.08039482398981367,0.8004146704809646,0.08004146704809646
0.530780780780781,0.8039801714385392,0.08039801714385392,0.8004171416011432,0.08004171416011432
0.5337737737737738,0.8040126728665136,0.08040126728665135,0.8004196118450526,0.08004196118450527
0.5367667667667668,0.8040414645293738,0.08040414645293738,0.8004220775027266,0.08004220775027267
0.53975975975976,0.8040752919772786,0.08040752919772785,0.8004245435361544,0.08004245435361544
0.5427527527527528,0.8041147105877673,0.08041147105877673,0.8004270153183008,0.08004270153183009
0.5457457457457457,0.8041493772844108,0.08041493772844108,0.8004294881104818,0.08004294881104818
0.5487387387387389,0.8041830692958839,0.08041830692958839,0.8004319609072202,0.08004319609072202
0.5517317317317318,0.8042172506578165,0.08042172506578164,0.800434434117866,0.0800434434117866
0.5547247247247248,0.8042473751025242,0.08042473751025242,0.80043690386447,0.080043690386447
0.5577177177177178,0.8042774036285244,0.08042774036285244,0.8004393700652218,0.08004393700652218
0.5607107107107108,0.8043086882305555,0.08043086882305554,0.8004418338907975,0.08004418338907975
0.5637037037037038,0.8043393588886691,0.08043393588886691,0.800444294767153,0.08004442947671529
0.5666966966966969,0.8043729436746172,0.08043729436746172,0.8004467553434037,0.08004467553434037
0.5696896896896897,0.8044073689096207,0.08044073689096207,0.800449216331809,0.0800449216331809
0.5726826826826827,0.8044393172780415,0.08044393172780415,0.8004516754580816,0.08004516754580816
0.5756756756756759,0.8044680516991607,0.08044680516991606,0.800454129851182,0.0800454129851182
0.5786686686686687,0.8044971675241421,0.08044971675241422,0.8004565798782306,0.08004565798782307
0.5816616616616617,0.8045261777117154,0.08045261777117155,0.8004590254722697,0.08004590254722696
0.5846546546546548,0.8045567833512015,0.08045567833512016,0.8004614680406753,0.08004614680406753
0.5876476476476478,0.8045838723479399,0.080458387234794,0.8004639045673173,0.08004639045673173
0.5906406406406407,0.8046115285551434,0.08046115285551433,0.800466335589808,0.0800466335589808
0.5936336336336338,0.8046426232078856,0.08046426232078856,0.8004687640564634,0.08004687640564634
0.5966266266266267,0.8046734250651555,0.08046734250651555,0.8004711897176742,0.08004711897176742
0.5996196196196197,0.804701213128884,0.0804701213128884,0.8004736100690533,0.08004736100690532
0.6026126126126128,0.8047296071184789,0.08047296071184788,0.8004760256522638,0.08004760256522639
0.6056056056056056,0.8047580682800475,0.08047580682800475,0.800478436555434,0.0800478436555434
0.6085985985985987,0.8047883908744548,0.08047883908744548,0.8004808443202954,0.08004808443202954
0.6115915915915918,0.804817019725302,0.0804817019725302,0.8004832475901797,0.08004832475901798
0.6145845845845846,0.8048428900234744,0.08048428900234744,0.8004856441917116,0.08004856441917116
0.6175775775775776,0.80486970522767,0.080486970522767,0.8004880349385088,0.08004880349385088
0.6205705705705707,0.8048968648213468,0.08048968648213468,0.8004904201528398,0.08004904201528398
0.6235635635635638,0.8049276720584149,0.08049276720584149,0.80049281025263,0.080049281025263
0.6265565565565566,0.8049563481971643,0.08049563481971643,0.8004952203158809,0.08004952203158809
0.6295495495495497,0.8049854469134442,0.08049854469134442,0.8004976261416313,0.08004976261416313
0.6325425425425426,0.805016521668816,0.0805016521668816,0.800500029281182,0.0800500029281182
0.6355355355355357,0.8050458264283515,0.08050458264283515,0.8005024283790335,0.08005024283790335
0.6385285285285287,0.8050721601523374,0.08050721601523374,0.8005048211983455,0.08005048211983455
0.6415215215215215,0.80509938757071,0.08050993875707099,0.8005072084720054,0.08005072084720054
0.6445145145145146,0.8051269164731528,0.08051269164731528,0.8005095904724895,0.08005095904724895
0.6475075075075076,0.8051567039870751,0.08051567039870751,0.8005119689206763,0.08005119689206763
0.6505005005005007,0.8051850863687775,0.08051850863687775,0.800514342795522,0.0800514342795522
0.6534934934934935,0.8052162295006726,0.08052162295006726,0.8005167141501393,0.08005167141501393
0.6564864864864866,0.8052492881760089,0.0805249288176009,0.8005190843777527,0.08005190843777527
0.6594794794794797,0.8052781671187009,0.08052781671187009,0.8005214504400309,0.08005214504400308
0.6624724724724725,0.8053074367567226,0.08053074367567226,0.8005238126423495,0.08005238126423495
0.6654654654654655,0.8053389038299635,0.08053389038299635,0.8005261725693116,0.08005261725693116
0.6684584584584586,0.8053685988896846,0.08053685988896846,0.8005285487570093,0.08005285487570094
0.6714514514514516,0.8053951104763997,0.08053951104763997,0.8005309285773168,0.08005309285773168
0.6744444444444445,0.805427874800849,0.0805427874800849,0.8005333068301519,0.08005333068301519
0.6774374374374376,0.8054656992203458,0.08054656992203459,0.8005356870481919,0.0800535687048192
0.6804304304304305,0.8055047138626131,0.08055047138626131,0.8005380699992054,0.08005380699992054
0.6834234234234235,0.8055385554563327,0.08055385554563327,0.8005404520331232,0.08005404520331232
0.6864164164164166,0.8055721170008051,0.08055721170008051,0.8005428329364901,0.08005428329364901
0.6894094094094094,0.8056074448640317,0.08056074448640317,0.8005452138972585,0.08005452138972585
0.6924024024024025,0.8056404414054424,0.08056404414054424,0.8005475933004258,0.08005475933004258
0.6953953953953956,0.8056696603338833,0.08056696603338834,0.8005499685902218,0.08005499685902218
0.6983883883883885,0.805704223771187,0.0805704223771187,0.8005523433667341,0.08005523433667341
0.7013813813813814,0.8057430441933068,0.08057430441933068,0.8005547204351762,0.08005547204351762
0.7043743743743746,0.8057831117153476,0.08057831117153476,0.8005571005582062,0.08005571005582061
0.7073673673673675,0.8058177458833866,0.08058177458833866,0.8005594800951298,0.08005594800951298
0.7103603603603604,0.8058520837555112,0.08058520837555112,0.8005618588289748,0.08005618588289748
0.7133533533533535,0.805888303809359,0.08058883038093591,0.8005642379600403,0.08005642379600403
0.7163463463463464,0.8059196125283891,0.0805919612528389,0.8005666142869703,0.08005666142869702
0.7193393393393395,0.8059537002791023,0.08059537002791023,0.8005689895959255,0.08005689895959255
0.7223323323323325,0.8059832884991659,0.08059832884991659,0.8005713610075426,0.08005713610075425
0.7253253253253253,0.8060134293277776,0.08060134293277776,0.8005737288931716,0.08005737288931716
0.7283183183183184,0.8060478246426614,0.08060478246426614,0.8005760959410413,0.08005760959410413
0.7313113113113116,0.8060792010121094,0.08060792010121094,0.8005784602487921,0.08005784602487921
0.7343043043043044,0.806110915251538,0.0806110915251538,0.8005808220325373,0.08005808220325374
0.7372972972972973,0.8061451222895939,0.08061451222895939,0.8005831828319087,0.08005831828319086
0.7402902902902905,0.806177241467658,0.0806177241467658,0.8005855413524365,0.08005855413524365
0.7432832832832834,0.8062055110158586,0.08062055110158586,0.8005878952531408,0.08005878952531408
0.7462762762762764,0.8062346926540808,0.08062346926540807,0.8005902644237662,0.08005902644237663
0.7492692692692694,0.806266874537691,0.0806266874537691,0.80059266397703,0.080059266397703
0.7522622622622623,0.8062946557943831,0.08062946557943831,0.8005950582592367,0.08005950582592367
0.7552552552552554,0.8063232935403141,0.0806323293540314,0.8005974478305453,0.08005974478305453
0.7582482482482484,0.8063550052632515,0.08063550052632515,0.8005998345748976,0.08005998345748976
0.7612412412412413,0.8063822881682077,0.08063822881682077,0.8006022158518178,0.08006022158518178
0.7642342342342343,0.8064104791528638,0.08064104791528638,0.8006045922447659,0.08006045922447659
0.7672272272272275,0.8064442782636271,0.0806444278263627,0.8006069671010454,0.08006069671010455
0.7702202202202203,0.8064785876290398,0.08064785876290398,0.8006093407126396,0.08006093407126395
0.7732132132132132,0.8065087015325213,0.08065087015325213,0.8006117106205248,0.08006117106205249
0.7762062062062064,0.8065394913863679,0.0806539491386368,0.8006140772369592,0.08006140772369592
0.7791991991991994,0.8065732336017967,0.08065732336017967,0.8006164422784201,0.08006164422784201
0.7821921921921923,0.8066022153923589,0.08066022153923588,0.8006188030114615,0.08006188030114615
0.7851851851851853,0.8066319188817715,0.08066319188817715,0.80062115987518,0.080062115987518
0.7881781781781784,0.8066647531348838,0.08066647531348839,0.800623514663519,0.0800623514663519
0.7911711711711713,0.8066928546624502,0.08066928546624502,0.8006258647149311,0.08006258647149311
0.7941641641641644,0.8067217834858393,0.08067217834858394,0.8006282105256218,0.08006282105256218
0.7971571571571573,0.8067580920574622,0.08067580920574621,0.8006305562230226,0.08006305562230226
0.8001501501501502,0.8067933489147072,0.08067933489147072,0.8006329012030291,0.08006329012030292
0.8031431431431434,0.8068316818666216,0.08068316818666216,0.8006352471403937,0.08006352471403937
0.8061361361361363,0.8068645772966012,0.08068645772966013,0.8006375910285302,0.08006375910285302
0.8091291291291292,0.8068977526072062,0.08068977526072062,0.8006399476128917,0.08006399476128917
0.8121221221221223,0.8069338436465407,0.08069338436465408,0.8006423312572555,0.08006423312572555
0.8151151151151154,0.8069646392144689,0.08069646392144689,0.8006447114116713,0.08006447114116713
0.8181081081081082,0.8069959670462773,0.08069959670462773,0.8006470883834925,0.08006470883834925
0.8211011011011012,0.8070321560607601,0.080703215606076,0.80064946481406,0.080064946481406
0.8240940940940943,0.807067819039069,0.0807067819039069,0.8006518404036318,0.08006518404036318
0.8270870870870872,0.8070988228135465,0.08070988228135464,0.8006542126487015,0.08006542126487015
0.8300800800800803,0.8071305038785047,0.08071305038785047,0.800656581925498,0.08006565819254981
0.8330730730730732,0.8071654663162559,0.08071654663162559,0.8006589499794426,0.08006589499794427
0.8360660660660661,0.8071952207092121,0.08071952207092122,0.8006613140659493,0.08006613140659494
0.8390590590590592,0.8072265337139818,0.08072265337139818,0.8006636750230068,0.08006636750230069
0.8420520520520522,0.8072620680635265,0.08072620680635265,0.8006660350569295,0.08006660350569295
0.8450450450450451,0.8072922508595419,0.08072922508595419,0.8006683913919782,0.08006683913919782
0.8480380380380381,0.8073230993416275,0.08073230993416275,0.8006707443908113,0.08006707443908113
0.8510310310310313,0.8073574443366252,0.08073574443366252,0.8006730958554409,0.08006730958554409
0.8540240240240241,0.8073864808167542,0.08073864808167543,0.8006754430857193,0.08006754430857192
0.8570170170170172,0.8074197236816478,0.08074197236816479,0.8006777882327677,0.08006777882327677
0.8600100100100102,0.807449552894099,0.0807449552894099,0.8006801295845277,0.08006801295845277
0.8630030030030031,0.807481863690179,0.0807481863690179,0.8006824684021825,0.08006824684021825
0.8659959959959961,0.8075176747239438,0.08075176747239438,0.8006848064317595,0.08006848064317595
0.8689889889889891,0.8075479276689934,0.08075479276689934,0.8006871409152448,0.08006871409152448
0.8719819819819821,0.8075823582843231,0.0807582358284323,0.8006894739243376,0.08006894739243377
0.8749749749749751,0.8076114829654696,0.08076114829654696,0.8006918028618631,0.08006918028618631
0.8779679679679682,0.8076431595213309,0.0807643159521331,0.8006941289931625,0.08006941289931625
0.880960960960961,0.8076802080090322,0.08076802080090321,0.800696454926007,0.0800696454926007
0.883953953953954,0.8077115210006305,0.08077115210006305,0.8006987778841659,0.0800698777884166
0.8869469469469472,0.8077470052023316,0.08077470052023315,0.8007010998758297,0.08007010998758297
0.88993993993994,0.8077769727275932,0.08077769727275932,0.8007034182664168,0.08007034182664167
0.892932932932933,0.8078077352742136,0.08078077352742136,0.8007057334520891,0.08007057334520891
0.8959259259259261,0.8078423674860801,0.080784236748608,0.800708047270124,0.0800708047270124
0.8989189189189191,0.8078731049310615,0.08078731049310614,0.8007103578917281,0.08007103578917281
0.901911911911912,0.807906253309295,0.0807906253309295,0.8007126664555276,0.08007126664555277
0.904904904904905,0.8079431093946798,0.08079431093946798,0.8007149746833081,0.08007149746833081
0.907897897897898,0.8079777367160851,0.08079777367160851,0.8007172815319319,0.08007172815319319
0.910890890890891,0.8080073240831667,0.08080073240831667,0.800719584684578,0.0800719584684578
0.9138838838838841,0.808037887951512,0.0808037887951512,0.8007218846079263,0.08007218846079263
0.9168768768768769,0.8080750920583637,0.08080750920583638,0.8007241843332447,0.08007241843332447
0.91986986986987,0.8081089706282408,0.08081089706282409,0.8007264823416398,0.08007264823416398
0.9228628628628631,0.8081432865975514,0.08081432865975514,0.8007287788296097,0.08007287788296097
0.925855855855856,0.8081812896552505,0.08081812896552505,0.8007310754449355,0.08007310754449355
0.9288488488488489,0.8082131320821904,0.08082131320821903,0.8007333694252722,0.08007333694252722
0.931841841841842,0.8082455667748887,0.08082455667748886,0.8007356610426137,0.08007356610426138
0.9348348348348351,0.8082819846894505,0.08082819846894504,0.8007379520597504,0.08007379520597505
0.9378278278278279,0.8083158046250996,0.08083158046250996,0.8007402413256257,0.08007402413256257
0.9408208208208209,0.808357534855167,0.0808357534855167,0.8007425322950794,0.08007425322950794
0.9438138138138139,0.8083927898135302,0.08083927898135303,0.8007448221198128,0.08007448221198128
0.946806806806807,0.8084283193650386,0.08084283193650385,0.8007471109131534,0.08007471109131534
0.9497997997997999,0.8084676326074565,0.08084676326074565,0.800749400297841,0.0800749400297841
0.9527927927927929,0.8085004675877963,0.08085004675877963,0.8007516874750121,0.08007516874750122
0.955785785785786,0.8085405523880649,0.08085405523880648,0.8007539755423967,0.08007539755423967
0.9587787787787789,0.8085768774398505,0.08085768774398505,0.8007562628786131,0.08007562628786132
0.961771771771772,0.808613476631123,0.0808613476631123,0.8007585495903825,0.08007585495903825
0.9647647647647648,0.8086538819562374,0.08086538819562375,0.8007608372690553,0.08007608372690553
0.967757757757758,0.8086875904397475,0.08086875904397475,0.800763123084523,0.0800763123084523
0.970750750750751,0.8087217722691111,0.08087217722691112,0.8007654072362463,0.08007654072362463
0.9737437437437438,0.8087601109186988,0.08087601109186988,0.8007676914491074,0.08007676914491074
0.9767367367367368,0.8087996750800261,0.08087996750800261,0.800769976213145,0.08007699762131451
0.9797297297297298,0.8088368973068255,0.08088368973068255,0.800772263447531,0.0800772263447531
0.9827227227227229,0.8088745004125092,0.08088745004125092,0.8007745611724097,0.08007745611724097
0.9857157157157158,0.8089160243595848,0.08089160243595847,0.8007768601401435,0.08007768601401435
0.9887087087087089,0.8089506388281532,0.08089506388281532,0.8007791575031326,0.08007791575031326
0.9917017017017019,0.8089857000200678,0.08089857000200677,0.8007814534427687,0.08007814534427687
0.994694694694695,0.8090250110012904,0.08090250110012905,0.800783749676232,0.0800783749676232
0.9976876876876879,0.8090575464246502,0.08090575464246502,0.8007860434572456,0.08007860434572456
1.0006806806806807,0.8090925919977576,0.08090925919977576,0.8007883589728069,0.08007883589728068
1.0036736736736738,0.8091338496509192,0.08091338496509191,0.8007906842658735,0.08007906842658735
1.0066666666666668,0.8091725013189288,0.08091725013189288,0.8007930093935688,0.08007930093935688
1.0096596596596599,0.8092050466401384,0.08092050466401383,0.8007953318936006,0.08007953318936006
1.0126526526526527,0.8092384607342673,0.08092384607342673,0.8007976521226633,0.08007976521226633
1.0156456456456457,0.8092765428970123,0.08092765428970124,0.800799971941898,0.0800799971941898
1.0186386386386388,0.8093088140850793,0.08093088140850793,0.8008022890418749,0.08008022890418749
1.0216316316316318,0.809342791110329,0.0809342791110329,0.8008046041050338,0.08008046041050339
1.0246246246246247,0.8093814390991337,0.08093814390991337,0.8008069189664173,0.08008069189664173
1.027617617617618,0.8094131886016944,0.08094131886016945,0.8008092309216188,0.08008092309216189
1.030610610610611,0.8094503786534197,0.08094503786534198,0.8008115420964188,0.08008115420964187
1.0336036036036036,0.8094809215915261,0.08094809215915261,0.80081384991341,0.080081384991341
1.0365965965965966,0.80951247028847,0.080951247028847,0.8008161547768082,0.08008161547768082
1.0395895895895897,0.8095527305171302,0.08095527305171302,0.8008184600374807,0.08008184600374807
1.0425825825825827,0.8095942587816014,0.08095942587816014,0.8008207661619887,0.08008207661619887
1.045575575575576,0.8096292783633348,0.08096292783633348,0.8008230706556495,0.08008230706556495
1.0485685685685688,0.8096649683475448,0.08096649683475447,0.8008253737729764,0.08008253737729763
1.0515615615615617,0.8097053882902226,0.08097053882902226,0.8008276772943248,0.08008276772943249
1.0545545545545547,0.8097386145094176,0.08097386145094176,0.8008299785041637,0.08008299785041637
1.0575475475475475,0.809772572949121,0.08097725729491209,0.8008322776831812,0.08008322776831812
1.0605405405405406,0.8098142742985033,0.08098142742985033,0.8008345777150799,0.080083457771508
1.0635335335335339,0.8098513862729826,0.08098513862729825,0.8008368768796106,0.08008368768796106
1.066526526526527,0.8098937646130975,0.08098937646130974,0.8008391771133618,0.08008391771133619
1.0695195195195197,0.8099287080775932,0.08099287080775933,0.8008414756631965,0.08008414756631965
1.0725125125125126,0.8099642535531065,0.08099642535531065,0.8008437727509479,0.08008437727509479
1.0755055055055056,0.810004738899901,0.0810004738899901,0.8008460701753242,0.08008460701753242
1.0784984984984987,0.8100377934576941,0.08100377934576941,0.800848365225544,0.08008483652255441
1.0814914914914917,0.8100766188367656,0.08100766188367656,0.800850659993402,0.0800850659993402
1.0844844844844848,0.8101092128315155,0.08101092128315154,0.8008529522276462,0.08008529522276461
1.0874774774774776,0.8101436446662869,0.08101436446662869,0.8008552425957284,0.08008552425957284
1.0904704704704706,0.8101832993115825,0.08101832993115825,0.8008575329633566,0.08008575329633566
1.0934634634634637,0.8102205520906626,0.08102205520906626,0.8008598224650331,0.0800859822465033
1.0964564564564565,0.8102513231615445,0.08102513231615445,0.8008621088036085,0.08008621088036086
1.0994494494494498,0.81028331304019,0.081028331304019,0.8008643924233659,0.08008643924233659
1.1024424424424428,0.8103208787261064,0.08103208787261064,0.8008666752901418,0.08008666752901418
1.1054354354354354,0.8103512049337438,0.08103512049337439,0.8008689548706074,0.08008689548706074
1.1084284284284285,0.8103826470233304,0.08103826470233304,0.8008712315689438,0.08008712315689438
1.1114214214214215,0.8104197486492304,0.08104197486492304,0.8008735073566255,0.08008735073566256
1.1144144144144146,0.8104547227996007,0.08104547227996008,0.8008757814958711,0.08008757814958711
1.1174074074074076,0.810483321302789,0.0810483321302789,0.8008780518002367,0.08008780518002367
1.1204004004004007,0.8105133720951827,0.08105133720951826,0.8008803187872937,0.08008803187872937
1.1233933933933935,0.810549347540602,0.0810549347540602,0.8008825844896585,0.08008825844896586
1.1263863863863866,0.8105781147218277,0.08105781147218277,0.8008848464635447,0.08008848464635447
1.1293793793793794,0.8106134700523405,0.08106134700523406,0.8008871069521419,0.0800887106952142
1.1323723723723724,0.8106426757457547,0.08106426757457547,0.8008893638896798,0.08008893638896798
1.1353653653653655,0.8106741005028085,0.08106741005028086,0.8008916180372931,0.08008916180372931
1.1383583583583587,0.810711405612168,0.08107114056121681,0.8008938713664081,0.08008938713664081
1.1413513513513518,0.8107412306787569,0.08107412306787569,0.8008961213897793,0.08008961213897793
1.1443443443443444,0.8107776389793051,0.0810777638979305,0.8008983702995647,0.08008983702995646
1.1473373373373374,0.8108067416017916,0.08108067416017915,0.8009006156888081,0.08009006156888081
1.1503303303303305,0.8108425721761291,0.0810842572176129,0.8009028597811252,0.08009028597811252
1.1533233233233235,0.8108711558450776,0.08108711558450776,0.8009051002100811,0.08009051002100812
1.1563163163163166,0.8109010799260994,0.08109010799260993,0.8009073374310174,0.08009073374310174
1.1593093093093096,0.8109371583642102,0.08109371583642103,0.8009095734519647,0.08009095734519647
1.1623023023023025,0.8109657441260242,0.08109657441260242,0.8009118058556381,0.08009118058556382
1.1652952952952955,0.8110011804275652,0.08110011804275652,0.8009140368609371,0.08009140368609372
1.1682882882882883,0.811029270348268,0.0811029270348268,0.8009162641187113,0.08009162641187113
1.1712812812812814,0.8110643283752161,0.08110643283752161,0.8009184898685464,0.08009184898685465
1.1742742742742747,0.8110911638438774,0.08110911638438774,0.8009207115034214,0.08009207115034214
1.1772672672672673,0.8111185657054802,0.08111185657054802,0.8009229292257604,0.08009229292257604
1.1802602602602603,0.8111524755222541,0.0811152475522254,0.8009251451044039,0.08009251451044039
1.1832532532532534,0.8111789617653442,0.08111789617653442,0.8009273568177395,0.08009273568177395
1.1862462462462464,0.8112126282807702,0.08112126282807702,0.8009295666298493,0.08009295666298492
1.1892392392392395,0.8112389778942496,0.08112389778942496,0.8009317722716933,0.08009317722716933
1.1922322322322325,0.811271682052267,0.0811271682052267,0.8009339757336382,0.08009339757336383
1.1952252252252256,0.8112962340067336,0.08112962340067335,0.800936174510095,0.0800936174510095
1.1982182182182184,0.8113224540129084,0.08113224540129084,0.8009383691413514,0.08009383691413514
1.2012112112112112,0.8113554333324978,0.08113554333324978,0.8009405617170038,0.08009405617170037
1.2042042042042043,0.8113809364690362,0.08113809364690362,0.8009427499671198,0.08009427499671198
1.2071971971971973,0.8114120420506603,0.08114120420506603,0.8009449356153533,0.08009449356153533
1.2101901901901906,0.8114340997261367,0.08114340997261367,0.800947115940379,0.0800947115940379
1.2131831831831836,0.8114638668878477,0.08114638668878477,0.8009492932938729,0.08009492932938729
1.2161761761761762,0.8114865287780105,0.08114865287780106,0.80095146556191,0.080095146556191
1.2191691691691693,0.8115110099647161,0.08115110099647162,0.8009536333186361,0.08009536333186361
1.2221621621621623,0.8115425088664773,0.08115425088664772,0.8009557986746672,0.08009557986746671
1.2251551551551552,0.8115647896947129,0.08115647896947129,0.8009579745941784,0.08009579745941783
1.2281481481481484,0.8115930670736651,0.08115930670736651,0.8009601721503014,0.08009601721503014
1.2311411411411415,0.8116141865460553,0.08116141865460554,0.8009623640571001,0.08009623640571001
1.2341341341341343,0.8116372066870705,0.08116372066870706,0.8009645509167823,0.08009645509167823
1.2371271271271274,0.8116674411645042,0.08116674411645042,0.8009667348984075,0.08009667348984076
1.2401201201201202,0.8116962238111685,0.08116962238111684,0.8009689155864363,0.08009689155864363
1.2431131131131132,0.8117183585870877,0.08117183585870877,0.8009710910430605,0.08009710910430605
1.2461061061061065,0.8117424026793261,0.0811742402679326,0.8009732618599921,0.08009732618599921
1.2490990990990993,0.811773654659915,0.0811773654659915,0.8009754301662703,0.08009754301662703
1.2520920920920922,0.8117973142148339,0.0811797314214834,0.8009775937670847,0.08009775937670846
1.2550850850850852,0.8118208652960106,0.08118208652960106,0.8009797526592998,0.08009797526592997
1.2580780780780783,0.8118499116793915,0.08118499116793915,0.8009819084537918,0.08009819084537918
1.2610710710710713,0.8118713781490621,0.0811871378149062,0.800984058990986,0.0800984058990986
1.2640640640640644,0.81190082399099,0.081190082399099,0.8009862065832014,0.08009862065832014
1.2670570570570574,0.8119227838025761,0.08119227838025761,0.8009883491137915,0.08009883491137915
1.2700500500500502,0.8119464792799809,0.08119464792799809,0.8009904871057065,0.08009904871057065
1.273043043043043,0.8119775019267811,0.08119775019267811,0.8009926226537188,0.08009926226537188
1.276036036036036,0.8120007135519758,0.08120007135519758,0.8009947535711679,0.08009947535711678
1.2790290290290292,0.8120318431111904,0.08120318431111903,0.8009968821028192,0.08009968821028192
1.2820220220220224,0.8120552371263899,0.08120552371263899,0.8009990060997286,0.08009990060997287
1.2850150150150155,0.8120802228502413,0.08120802228502413,0.8010011260306805,0.08010011260306805
1.288008008008008,0.8121125221496108,0.08121125221496109,0.801003243942626,0.0801003243942626
1.2910010010010011,0.8121367974272385,0.08121367974272385,0.8010053576292704,0.08010053576292704
1.2939939939939942,0.8121689957204092,0.08121689957204092,0.8010074692907885,0.08010074692907884
1.296986986986987,0.8121932616021041,0.08121932616021041,0.8010095767628487,0.08010095767628486
1.2999799799799803,0.8122190308083593,0.08122190308083593,0.8010116804787786,0.08010116804787785
1.3029729729729733,0.8122521489260569,0.08122521489260569,0.8010137824542362,0.08010137824542361
1.3059659659659664,0.8122770684047469,0.08122770684047469,0.8010158804753725,0.08010158804753725
1.3089589589589592,0.8123033841745103,0.08123033841745103,0.8010179749400871,0.08010179749400871
1.311951951951952,0.8123370615316325,0.08123370615316325,0.8010200678434015,0.08010200678434015
1.314944944944945,0.8123623923990199,0.08123623923990199,0.8010221569554589,0.08010221569554589
1.3179379379379381,0.8123948884510735,0.08123948884510736,0.8010242442061448,0.08010242442061448
1.3209309309309312,0.8124183603582585,0.08124183603582585,0.8010263272045104,0.08010263272045104
1.3239239239239242,0.8124433457111466,0.08124433457111466,0.8010284063747554,0.08010284063747554
1.326916916916917,0.8124759117150736,0.08124759117150736,0.801030483735023,0.0801030483735023
1.32990990990991,0.8125001173874546,0.08125001173874546,0.801032557095172,0.0801032557095172
1.3329029029029031,0.8125249121884666,0.08125249121884666,0.8010346266311258,0.08010346266311258
1.3358958958958962,0.8125565052936289,0.08125565052936289,0.8010366941348126,0.08010366941348127
1.3388888888888892,0.8125796896154023,0.08125796896154022,0.8010387574297224,0.08010387574297224
1.3418818818818823,0.8126043488996281,0.0812604348899628,0.8010408169207496,0.08010408169207496
1.344874874874875,0.8126367358740128,0.08126367358740128,0.8010428746194198,0.08010428746194198
1.347867867867868,0.8126605810592611,0.0812660581059261,0.8010449283374759,0.08010449283374758
1.350860860860861,0.8126927817765283,0.08126927817765282,0.8010469802339091,0.0801046980233909
1.353853853853854,0.8127165489057077,0.08127165489057077,0.8010490281641915,0.08010490281641916
1.3568468468468473,0.812740955212511,0.0812740955212511,0.8010510723120619,0.08010510723120619
1.3598398398398401,0.8127723873934557,0.08127723873934557,0.8010531144750968,0.08010531144750968
1.362832832832833,0.8127952382770954,0.08127952382770955,0.8010551524963592,0.08010551524963591
1.365825825825826,0.8128195670941389,0.08128195670941389,0.8010571867697625,0.08010571867697625
1.3688188188188188,0.8128518237596495,0.08128518237596495,0.8010592192988768,0.08010592192988768
1.3718118118118119,0.8128753580886168,0.08128753580886168,0.8010612479133901,0.08010612479133901
1.3748048048048052,0.8129003013139493,0.08129003013139494,0.8010632729842405,0.08010632729842405
1.3777977977977982,0.8129332004496272,0.08129332004496273,0.8010652964990232,0.08010652964990232
1.380790790790791,0.8129572410959668,0.08129572410959668,0.8010673162758399,0.080106731627584
1.3837837837837839,0.8129802031062638,0.08129802031062638,0.8010693320691443,0.08010693320691444
1.386776776776777,0.8130088439916404,0.08130088439916404,0.8010713452909184,0.08010713452909184
1.38976976976977,0.8130287827886519,0.08130287827886519,0.8010733538287347,0.08010733538287347
1.392762762762763,0.813057658946986,0.0813057658946986,0.801075364531242,0.0801075364531242
1.395755755755756,0.8130779669146855,0.08130779669146855,0.8010773741209088,0.08010773741209089
1.3987487487487489,0.8130999203367928,0.08130999203367928,0.8010793795421354,0.08010793795421353
1.401741741741742,0.8131302187821379,0.08131302187821379,0.8010813828321527,0.08010813828321527
1.404734734734735,0.8131500716939583,0.08131500716939583,0.8010833814858642,0.08010833814858642
1.4077277277277278,0.8131699344121215,0.08131699344121215,0.8010853931552558,0.08010853931552558
1.410720720720721,0.8131983037292533,0.08131983037292533,0.8010874089556154,0.08010874089556154
1.4137137137137141,0.8132178587567641,0.08132178587567641,0.8010894199882378,0.08010894199882378
1.4167067067067067,0.8132390262383253,0.08132390262383253,0.8010914266672755,0.08010914266672756
1.4196996996996998,0.8132686983148273,0.08132686983148273,0.8010934310496485,0.08010934310496484
1.4226926926926928,0.8132893838439084,0.08132893838439084,0.8010954310036782,0.08010954310036782
1.4256856856856859,0.8133115866160788,0.08133115866160788,0.801097426914051,0.0801097426914051
1.4286786786786791,0.8133422934513735,0.08133422934513736,0.8010994208133504,0.08010994208133504
1.431671671671672,0.813363861899645,0.0813363861899645,0.8011014105549624,0.08011014105549624
1.4346646646646648,0.8133868748154867,0.08133868748154867,0.8011033965005439,0.08011033965005439
1.4376576576576579,0.813418411149483,0.0813418411149483,0.8011053806640854,0.08011053806640854
1.4406506506506507,0.8134406720510866,0.08134406720510866,0.8011073608880821,0.08011073608880821
1.4436436436436437,0.813464321018277,0.08134643210182771,0.8011093375158491,0.08011093375158491
1.446636636636637,0.8134965274715783,0.08134965274715783,0.8011113125470029,0.08011113125470029
1.44962962962963,0.8135193323564377,0.08135193323564377,0.8011132838161099,0.08011132838161099
1.452622622622623,0.8135434812416571,0.08135434812416571,0.8011152516516622,0.08011152516516622
1.4556156156156157,0.8135762328499118,0.08135762328499117,0.8011172180420685,0.08011172180420685
1.4586086086086087,0.8135994649932722,0.08135994649932722,0.80111918081619,0.08011191808161901
1.4616016016016018,0.8136232200905587,0.08136232200905587,0.8011211401114028,0.08011211401114028
1.4645945945945948,0.8136548782367106,0.08136548782367106,0.8011230977375627,0.08011230977375627
1.467587587587588,0.8136769861922599,0.08136769861922599,0.8011250515403971,0.08011250515403971
1.470580580580581,0.8137004644091811,0.08137004644091811,0.8011270018483769,0.0801127001848377
1.4735735735735738,0.813732739101381,0.0813732739101381,0.8011289506537133,0.08011289506537132
1.4765665665665668,0.8137553578729667,0.08137553578729667,0.801130895799319,0.08011308957993189
1.4795595595595596,0.8137777505485283,0.08137777505485283,0.8011328372533798,0.08011328372533798
1.482552552552553,0.8138074949413385,0.08138074949413385,0.8011347766683029,0.08011347766683029
1.485545545545546,0.8138276287364704,0.08138276287364704,0.8011367146281673,0.08011367146281673
1.4885385385385388,0.8138492759283523,0.08138492759283524,0.8011386918974344,0.08011386918974343
1.4915315315315316,0.8138799775334176,0.08138799775334175,0.8011406671951314,0.08011406671951314
1.4945245245245247,0.8139009591799551,0.08139009591799551,0.8011426383470228,0.08011426383470228
1.4975175175175177,0.8139233510693571,0.0813923351069357,0.8011446056905462,0.08011446056905462
1.5005105105105108,0.8139548253025337,0.08139548253025337,0.8011465712690525,0.08011465712690526
1.5035035035035038,0.8139764532845634,0.08139764532845634,0.801148532901209,0.0801148532901209
1.5064964964964969,0.813999443386227,0.0813999443386227,0.8011504909090766,0.08011504909090766
1.5094894894894897,0.8140315550178724,0.08140315550178724,0.801152447322764,0.08011524473227641
1.5124824824824825,0.8140537021000589,0.08140537021000589,0.8011543999559094,0.08011543999559094
1.5154754754754756,0.8140771727959082,0.08140771727959081,0.801156349117857,0.08011563491178571
1.5184684684684688,0.8141098184130567,0.08141098184130567,0.8011583021435424,0.08011583021435424
1.5214614614614619,0.8141323897284235,0.08141323897284235,0.8011602538134487,0.08011602538134487
1.524454454454455,0.8141562537309938,0.08141562537309938,0.8011622021068021,0.08011622021068021
1.5274474474474475,0.8141807969957928,0.08141807969957929,0.8011641471874852,0.08011641471874852
1.5304404404404406,0.8142144752605742,0.08142144752605743,0.8011660910467135,0.08011660910467136
1.5334334334334336,0.8142370500094299,0.081423705000943,0.8011680312923359,0.0801168031292336
1.5364264264264267,0.8142600934812887,0.08142600934812887,0.8011699680431722,0.08011699680431722
1.5394194194194197,0.81429251235198,0.081429251235198,0.8011719033243052,0.08011719033243052
1.5424124124124128,0.814314622875041,0.0814314622875041,0.8011738349386571,0.08011738349386571
1.5454054054054056,0.8143380237136916,0.08143380237136916,0.8011757631791651,0.08011757631791651
1.5483983983983987,0.8143708814406635,0.08143708814406635,0.8011776900676065,0.08011776900676065
1.5513913913913915,0.8143933377736123,0.08143933377736123,0.8011796176111484,0.08011796176111484
1.5543843843843845,0.8144170680604562,0.08144170680604562,0.8011815450351223,0.08011815450351223
1.5573773773773778,0.8144414621596234,0.08144414621596234,0.8011834693191067,0.08011834693191067
1.5603703703703706,0.8144752906585964,0.08144752906585964,0.8011853924600575,0.08011853924600575
1.5633633633633635,0.8144984653163629,0.0814498465316363,0.8011873122280277,0.08011873122280277
1.5663563563563565,0.8145228335146849,0.0814522833514685,0.8011892288884717,0.08011892288884717
1.5693493493493496,0.814556809783853,0.0814556809783853,0.801191144455232,0.08011911444552319
1.5723423423423426,0.8145800798622589,0.08145800798622589,0.8011930567085657,0.08011930567085657
1.5753353353353357,0.8146045552580483,0.08146045552580483,0.8011949659135389,0.0801194965913539
1.5783283283283287,0.8146296373296333,0.08146296373296333,0.801196872209235,0.0801196872209235
1.5813213213213217,0.8146643345522626,0.08146643345522626,0.8011987775841967,0.08011987775841967
1.5843143143143144,0.8146873335827505,0.08146873335827505,0.8012006796426047,0.08012006796426047
1.5873073073073074,0.8147107462148518,0.08147107462148519,0.8012025784847249,0.08012025784847249
1.5903003003003005,0.8147440245700248,0.08147440245700248,0.801204476133357,0.0801204476133357
1.5932932932932937,0.8147664018365448,0.08147664018365448,0.8012063703788865,0.08012063703788866
1.5962862862862868,0.8147900193645259,0.08147900193645259,0.801208261488475,0.0801208261488475
1.5992792792792794,0.8148142782675949,0.08148142782675949,0.8012101496059648,0.08012101496059648
1.6022722722722724,0.8148484151910361,0.08148484151910361,0.801212036729783,0.0801212036729783
1.6052652652652655,0.8148714183283855,0.08148714183283855,0.8012139206303072,0.08012139206303072
1.6082582582582583,0.8148948394255701,0.081489483942557,0.8012158014061145,0.08012158014061145
1.6112512512512516,0.8149275856906303,0.08149275856906303,0.801217680927861,0.08012176809278611
1.6142442442442446,0.8149492180813569,0.0814949218081357,0.8012195569924231,0.08012195569924231
1.6172372372372377,0.8149721163340241,0.08149721163340241,0.8012214298668283,0.08012214298668283
1.6202302302302305,0.8149956823401079,0.08149956823401079,0.801223299697591,0.0801223299697591
1.6232232232232233,0.8150293796955543,0.08150293796955543,0.8012251684900363,0.08012251684900364
1.6262162162162164,0.8150517405680452,0.08150517405680452,0.8012270340236198,0.08012270340236198
1.6292092092092096,0.8150752975220034,0.08150752975220034,0.8012288965472603,0.08012288965472603
1.6322022022022025,0.8150994663416309,0.08150994663416308,0.8012307561937377,0.08012307561937378
1.6351951951951955,0.8151338671097946,0.08151338671097946,0.8012326149622817,0.08012326149622817
1.6381881881881883,0.8151567411495532,0.08151567411495532,0.8012344706218678,0.08012344706218678
1.6411811811811814,0.8151807716655811,0.08151807716655811,0.8012363234098879,0.08012363234098879
1.6441741741741744,0.8152137194234106,0.08152137194234106,0.8012381750545063,0.08012381750545064
1.6471671671671675,0.8152336528623112,0.08152336528623112,0.8012400230614146,0.08012400230614146
1.6501601601601605,0.8152548907326568,0.08152548907326568,0.8012418676976738,0.08012418676976737
1.6531531531531536,0.8152768597826432,0.08152768597826432,0.8012437091185386,0.08012437091185386
1.6561461461461462,0.8153093940514005,0.08153093940514004,0.8012455493461385,0.08012455493461385
1.6591391391391392,0.8153302799330715,0.08153302799330715,0.8012473861761442,0.08012473861761442
1.6621321321321323,0.8153524129944021,0.0815352412994402,0.8012492198601006,0.08012492198601005
1.6651251251251256,0.8153852726384049,0.08153852726384049,0.801251052431728,0.0801251052431728
1.6681181181181186,0.8154064310530087,0.08154064310530088,0.8012528816963932,0.08012528816963932
1.6711111111111114,0.8154288406845872,0.08154288406845872,0.8012547079036331,0.0801254707903633
1.6741041041041043,0.8154519112876867,0.08154519112876867,0.8012565311905486,0.08012565311905487
1.6770970970970973,0.815485706193088,0.0815485706193088,0.8012583535645778,0.08012583535645777
1.6800900900900901,0.8155075703675395,0.08155075703675395,0.8012601728138304,0.08012601728138305
1.6830830830830834,0.8155306202159868,0.08155306202159868,0.8012619891717033,0.08012619891717034
1.6860760760760765,0.8155542788920525,0.08155542788920525,0.8012638027631238,0.08012638027631239
1.6890690690690695,0.8155887647132825,0.08155887647132824,0.8012656155897108,0.08012656155897108
1.6920620620620623,0.8156096522704364,0.08156096522704363,0.8012674251594555,0.08012674251594555
1.6950550550550552,0.8156302569432945,0.08156302569432945,0.8012692314357057,0.08012692314357057
1.6980480480480482,0.8156515562764816,0.08156515562764816,0.8012710345601927,0.08012710345601927
1.7010410410410413,0.8156839294419862,0.08156839294419863,0.801272836557766,0.08012728365577661
1.7040340340340343,0.8157041438896208,0.08157041438896208,0.8012746352291784,0.08012746352291784
1.7070270270270274,0.8157248656823375,0.08157248656823375,0.8012764306814031,0.08012764306814031
1.7100200200200202,0.8157561171303445,0.08157561171303444,0.8012782248237937,0.08012782248237937
1.7130130130130132,0.8157752229218438,0.08157752229218437,0.8012800154802501,0.080128001548025
1.7160060060060063,0.8157956423747571,0.08157956423747571,0.8012818029021156,0.08012818029021156
1.7189989989989993,0.8158167884346483,0.08158167884346483,0.8012835872337338,0.08012835872337339
1.7219919919919924,0.8158492302045086,0.08158492302045087,0.8012853704971781,0.08012853704971781
1.7249849849849854,0.8158693050486056,0.08158693050486056,0.8012871505016606,0.08012871505016606
1.727977977977978,0.815890616121876,0.0815890616121876,0.8012889274805699,0.08012889274805698
1.730970970970971,0.8159125905572361,0.0815912590557236,0.801290701564229,0.0801290701564229
1.7339639639639641,0.8159459492824893,0.08159459492824893,0.8012924747654859,0.08012924747654859
1.7369569569569572,0.8159667512896364,0.08159667512896364,0.8012942448849041,0.0801294244884904
1.7399499499499504,0.8159887418229962,0.08159887418229962,0.8012960121438464,0.08012960121438464
1.7429429429429433,0.8160113536384029,0.0816011353638403,0.8012977766628981,0.08012977766628981
1.7459359359359363,0.8160454560571228,0.08160454560571227,0.8012995404492977,0.08012995404492977
1.7489289289289291,0.8160668226463806,0.08160668226463806,0.8013013012971195,0.08013013012971196
1.751921921921922,0.8160893424598182,0.08160893424598183,0.8013030594183281,0.08013030594183282
1.754914914914915,0.8161124520147667,0.08161124520147667,0.8013048149259955,0.08013048149259955
1.7579079079079083,0.8161471688322642,0.08161471688322643,0.8013065698238764,0.08013065698238764
1.7609009009009013,0.8161689767272,0.08161689767272,0.8013083219008259,0.08013083219008259
1.7638938938938944,0.816191910732533,0.0816191910732533,0.8013100713611747,0.08013100713611747
1.766886886886887,0.8162154101398398,0.08162154101398397,0.801311818312016,0.0801311818312016
1.76987987987988,0.8162506408891641,0.08162506408891641,0.8013135647551142,0.08013135647551142
1.772872872872873,0.8162727937316959,0.08162727937316959,0.8013153084750012,0.08013153084750012
1.7758658658658661,0.8162960550091098,0.08162960550091099,0.8013170530812517,0.08013170530812516
1.7788588588588592,0.8163198648743087,0.08163198648743088,0.80131879743841,0.08013187974384099
1.7818518518518522,0.8163555358030674,0.08163555358030675,0.8013205413597008,0.08013205413597008
1.784844844844845,0.8163779628126278,0.08163779628126278,0.8013222826189732,0.08013222826189732
1.7878378378378381,0.816401478349327,0.0816401478349327,0.8013240214096031,0.08013240214096032
1.790830830830831,0.8164255254015009,0.0816425525401501,0.8013257578302819,0.0801325757830282
1.7938238238238242,0.8164615676785978,0.08164615676785977,0.8013274938882576,0.08013274938882577
1.7968168168168173,0.8164842058794701,0.08164842058794701,0.8013292309463073,0.08013292309463073
1.79980980980981,0.8165071927029885,0.08165071927029885,0.801330967399606,0.0801330967399606
1.802802802802803,0.8165299922575504,0.08165299922575504,0.8013327012880989,0.08013327012880989
1.805795795795796,0.8165649750753929,0.0816564975075393,0.8013344346354756,0.08013344346354756
1.808788788788789,0.8165864508839861,0.08165864508839861,0.8013361652146962,0.08013361652146962
1.8117817817817823,0.816609049313032,0.08166090493130321,0.801337893221888,0.0801337893221888
1.8147747747747751,0.8166307680668689,0.08166307680668689,0.8013396185234011,0.0801339618523401
1.8177677677677682,0.8166634019712332,0.08166634019712332,0.801341342914178,0.0801341342914178
1.820760760760761,0.816682468156608,0.0816682468156608,0.8013430641840789,0.08013430641840788
1.8237537537537538,0.8167027557028783,0.08167027557028783,0.8013447825452809,0.08013447825452809
1.8267467467467469,0.8167237028740146,0.08167237028740146,0.8013464981171048,0.08013464981171048
1.8297397397397401,0.8167571983281849,0.08167571983281849,0.8013482129389078,0.08013482129389078
1.8327327327327332,0.8167769708297465,0.08167769708297465,0.8013499247993061,0.08013499247993061
1.8357257257257262,0.8167979257096653,0.08167979257096653,0.801351633901025,0.0801351633901025
1.8387187187187188,0.81681878935064,0.081681878935064,0.8013533402409785,0.08013533402409785
1.8417117117117119,0.8168394511390753,0.08168394511390753,0.8013550437984616,0.08013550437984615
1.844704704704705,0.8168706972822193,0.08168706972822193,0.8013567462716629,0.08013567462716628
1.847697697697698,0.816885933501409,0.0816885933501409,0.8013584451184524,0.08013584451184524
1.850690690690691,0.8169024858619189,0.0816902485861919,0.8013601405640283,0.08013601405640283
1.853683683683684,0.8169191269762992,0.08169191269762992,0.8013618326377272,0.08013618326377273
1.856676676676677,0.816948102335715,0.0816948102335715,0.8013635232975134,0.08013635232975133
1.85966966966967,0.8169631957963754,0.08169631957963755,0.8013652103664765,0.08013652103664765
1.862662662662663,0.8169796361755275,0.08169796361755274,0.8013668940719952,0.08013668940719952
1.8656556556556558,0.816994796790257,0.0816994796790257,0.8013685742292848,0.08013685742292848
1.8686486486486489,0.8170210877242567,0.08170210877242567,0.8013702525876105,0.08013702525876105
1.871641641641642,0.8170334693764143,0.08170334693764143,0.8013719269930422,0.08013719269930422
1.874634634634635,0.8170472962499968,0.08170472962499968,0.8013735976879156,0.08013735976879156
1.877627627627628,0.8170620061136185,0.08170620061136184,0.8013752648256289,0.08013752648256289
1.880620620620621,0.8170900712115119,0.08170900712115119,0.8013769304779181,0.08013769304779181
1.8836136136136141,0.8171040633649425,0.08171040633649425,0.8013785924887586,0.08013785924887587
1.886606606606607,0.8171194163615594,0.08171194163615594,0.8013802510830712,0.08013802510830711
1.8895995995996,0.8171355763814504,0.08171355763814504,0.8013819063993,0.08013819063993
1.892592592592593,0.8171651491188893,0.08171651491188893,0.8013835604931043,0.08013835604931044
1.8955855855855857,0.8171804657502426,0.08171804657502427,0.8013852112034632,0.08013852112034632
1.8985785785785787,0.81719707461701,0.081719707461701,0.8013868587410031,0.08013868587410031
1.901571571571572,0.8172144289683735,0.08172144289683735,0.8013885032320367,0.08013885032320367
1.904564564564565,0.8172452693609029,0.0817245269360903,0.8013901467193731,0.08013901467193732
1.907557557557558,0.8172616777402371,0.08172616777402371,0.8013917870382186,0.08013917870382185
1.9105505505505507,0.8172793226617693,0.08172793226617693,0.8013934243874216,0.08013934243874216
1.9135435435435437,0.8172976630418207,0.08172976630418208,0.8013950588833895,0.08013950588833894
1.9165365365365368,0.8173295755500692,0.08173295755500692,0.8013966925586398,0.08013966925586398
1.9195295295295298,0.8173468857209822,0.08173468857209823,0.8013983232455374,0.08013983232455374
1.9225225225225226,0.8173653870609053,0.08173653870609053,0.8013999511331461,0.08013999511331461
1.9255155155155157,0.8173845430296265,0.08173845430296264,0.8014015763297295,0.08014015763297296
1.9285085085085087,0.8174173675347923,0.08174173675347923,0.8014032008595496,0.08014032008595497
1.9315015015015018,0.8174354236796599,0.081743542367966,0.8014048225528423,0.08014048225528422
1.9344944944944948,0.8174546339081378,0.08174546339081377,0.8014064415904755,0.08014064415904755
1.937487487487488,0.817474465321672,0.0817474465321672,0.8014080580739714,0.08014080580739714
1.9404804804804807,0.8174941141283004,0.08174941141283004,0.8014096719869075,0.08014096719869075
1.9434734734734738,0.8175268761532972,0.08175268761532972,0.8014112852455947,0.08014112852455947
1.9464664664664668,0.8175446380224067,0.08175446380224068,0.8014128956752105,0.08014128956752105
1.9494594594594599,0.8175635368236757,0.08175635368236757,0.8014145034518395,0.08014145034518395
1.952452452452453,0.8175830476270378,0.08175830476270378,0.8014161086744407,0.08014161086744406
1.955445445445446,0.8176165291282921,0.0817616529128292,0.801417713362662,0.0801417713362662
1.9584384384384388,0.8176348785073895,0.08176348785073895,0.8014193153447918,0.08014193153447918
1.9614314314314318,0.8176536717137989,0.08176536717137989,0.8014209146953206,0.08014209146953206
1.9644244244244249,0.8176723993083983,0.08176723993083983,0.8014225114154525,0.08014225114154525
1.9674174174174175,0.8176916396584035,0.08176916396584036,0.801424105588716,0.0801424105588716
1.9704104104104105,0.8177250177613737,0.08177250177613737,0.801425699232273,0.0801425699232273
1.9734034034034036,0.8177430475722072,0.08177430475722072,0.8014272901720154,0.08014272901720154
1.9763963963963969,0.8177621842518863,0.08177621842518863,0.8014288785752057,0.08014288785752058
1.97938938938939,0.8177825837719676,0.08177825837719675,0.8014304646297404,0.08014304646297404
1.9823823823823825,0.8178041115473145,0.08178041115473145,0.8014320485031237,0.08014320485031237
1.9853753753753756,0.817839896230444,0.0817839896230444,0.8014336322016958,0.08014336322016959
1.9883683683683686,0.817860037759125,0.0817860037759125,0.8014352135359846,0.08014352135359845
1.9913613613613617,0.817881196761508,0.0817881196761508,0.8014367926569408,0.08014367926569407
1.9943543543543545,0.8179028603867371,0.0817902860386737,0.8014383696430052,0.08014383696430052
1.9973473473473475,0.8179249151457011,0.0817924915145701,0.801439944556275,0.0801439944556275
2.0003403403403404,0.8179614043888683,0.08179614043888683,0.8014415194022442,0.08014415194022442
2.003333333333334,0.8179820139930529,0.0817982013993053,0.8014430919854533,0.08014430919854533
2.006326326326327,0.8180036179024309,0.0818003617902431,0.8014446631197053,0.08014446631197053
2.00931931931932,0.8180257085792314,0.08180257085792314,0.8014462358915352,0.08014462358915352
2.012312312312312,0.8180481701760266,0.08180481701760266,0.8014478066643514,0.08014478066643514
2.015305305305305,0.8180852602429607,0.08180852602429607,0.8014493774507981,0.08014493774507982
2.018298298298298,0.8181062369631191,0.08181062369631191,0.8014509460439712,0.08014509460439712
2.0212912912912913,0.8181281891771206,0.08181281891771205,0.8014525125850585,0.08014525125850584
2.0242842842842843,0.8181506079934251,0.0818150607993425,0.8014540771449221,0.08014540771449222
2.0272772772772774,0.8181733822053863,0.08181733822053863,0.801455639778802,0.0801455639778802
2.0302702702702704,0.8182109847622123,0.08182109847622124,0.8014572025016841,0.0801457202501684
2.0332632632632635,0.8182322418863828,0.08182322418863827,0.8014587631017009,0.08014587631017009
2.036256256256256,0.81825446057389,0.08182544605738899,0.8014603217161664,0.08014603217161664
2.0392492492492496,0.8182771331435074,0.08182771331435074,0.8014618784131066,0.08014618784131065
2.0422422422422426,0.8183001490737587,0.08183001490737588,0.801463433245224,0.08014634332452239
2.0452352352352356,0.8183381978327844,0.08183381978327844,0.8014649882304539,0.08014649882304539
2.0482282282282283,0.8183596700789675,0.08183596700789675,0.8014665411522813,0.08014665411522813
2.0512212212212213,0.8183820931663133,0.08183820931663133,0.8014680921447169,0.08014680921447169
2.0542142142142144,0.8184049602879305,0.08184049602879305,0.8014696412734479,0.08014696412734479
2.057207207207207,0.8184281614183385,0.08184281614183385,0.8014711885891025,0.08014711885891025
2.0602002002002,0.8184516425880705,0.08184516425880704,0.8014727341348105,0.08014727341348105
2.063193193193193,0.8184904034083224,0.08184904034083224,0.8014742799318912,0.08014742799318912
2.066186186186186,0.8185122581870213,0.08185122581870213,0.8014758237515782,0.08014758237515782
2.069179179179179,0.8185350349984373,0.08185350349984373,0.8014773657218421,0.08014773657218421
2.072172172172172,0.8185575533431466,0.08185575533431466,0.8014789058151129,0.0801478905815113
2.0751651651651657,0.8185797215158708,0.08185797215158708,0.8014804439920588,0.08014804439920588
2.0781581581581587,0.8186174395175694,0.08186174395175694,0.8014819822861838,0.08014819822861838
2.081151151151152,0.8186380816404583,0.08186380816404583,0.8014835184734875,0.08014835184734875
2.084144144144144,0.8186590180854283,0.08186590180854283,0.801485052599715,0.0801485052599715
2.087137137137137,0.8186797660614177,0.08186797660614177,0.8014865925713242,0.08014865925713241
2.09013013013013,0.8187009074748987,0.08187009074748987,0.8014881334858552,0.08014881334858552
2.093123123123123,0.818737853871626,0.0818737853871626,0.8014896744018941,0.08014896744018941
2.096116116116116,0.8187575427656708,0.08187575427656708,0.8014912130832307,0.08014912130832307
2.099109109109109,0.8187782311469151,0.08187782311469151,0.8014927496670999,0.08014927496671
2.1021021021021022,0.8187994121596259,0.08187994121596259,0.8014942842244459,0.08014942842244459
2.105095095095095,0.8188196369612242,0.08188196369612241,0.801495816639568,0.0801495816639568
2.108088088088088,0.8188388800281141,0.0818838880028114,0.801497346794382,0.0801497346794382
2.1110810810810814,0.8188742300465888,0.08188742300465887,0.8014988767565145,0.08014988767565145
2.1140740740740744,0.8188920835910547,0.08188920835910547,0.8015004042923011,0.0801500404292301
2.1170670670670675,0.8189109802614511,0.08189109802614511,0.8015019295436238,0.08015019295436238
2.1200600600600605,0.8189304157393013,0.08189304157393013,0.8015034525872967,0.08015034525872967
2.123053053053053,0.8189496160820492,0.08189496160820492,0.8015049734015816,0.08015049734015815
2.126046046046046,0.8189844886971341,0.08189844886971341,0.8015064939743761,0.08015064939743761
2.1290390390390392,0.819001683611845,0.0819001683611845,0.8015080120761315,0.08015080120761316
2.132032032032032,0.8190199441469019,0.08190199441469019,0.8015095278501738,0.08015095278501738
2.135025025025025,0.819038764624946,0.0819038764624946,0.8015110413753459,0.0801511041375346
2.138018018018018,0.819058031765622,0.0819058031765622,0.8015125527157443,0.08015125527157443
2.141011011011011,0.8190938414421169,0.0819093841442117,0.8015140639440704,0.08015140639440704
2.144004004004004,0.8191117526370246,0.08191117526370247,0.8015155728291934,0.08015155728291934
2.146996996996997,0.8191307002044705,0.08191307002044705,0.8015170795085419,0.08015170795085419
2.1499899899899906,0.8191501811232866,0.08191501811232867,0.8015185840561968,0.08015185840561968
2.152982982982983,0.8191700833706423,0.08191700833706424,0.8015200865318572,0.08015200865318572
2.1559759759759762,0.8192067109842089,0.0819206710984209,0.8015215890060079,0.08015215890060079
2.158968968968969,0.8192252113696398,0.08192252113696398,0.8015230892449761,0.08015230892449761
2.161961961961962,0.8192447234977075,0.08192447234977075,0.8015245873810982,0.08015245873810982
2.164954954954955,0.8192647467179324,0.08192647467179323,0.8015260834844282,0.08015260834844282
2.167947947947948,0.8192851701486132,0.08192851701486133,0.8015275776109727,0.08015275776109727
2.170940940940941,0.819305962579969,0.0819305962579969,0.8015290940139432,0.08015290940139433
2.173933933933934,0.81934370870295,0.08193437087029501,0.8015306123704948,0.08015306123704949
2.176926926926927,0.8193629992341233,0.08193629992341232,0.8015321285408636,0.08015321285408636
2.1799199199199197,0.8193832587297794,0.08193832587297793,0.8015336426522879,0.08015336426522879
2.1829129129129132,0.8194039926691272,0.08194039926691273,0.8015351547703126,0.08015351547703126
2.1859059059059063,0.8194250937142733,0.08194250937142733,0.8015366649468587,0.08015366649468587
2.1888988988988993,0.8194633646998423,0.08194633646998423,0.8015381752891697,0.08015381752891697
2.1918918918918924,0.8194829650691388,0.08194829650691388,0.8015396835148486,0.08015396835148486
2.194884884884885,0.8195035285298995,0.08195035285298995,0.8015411897486853,0.08015411897486853
2.197877877877878,0.8195238993729899,0.08195238993729899,0.8015426939741671,0.08015426939741671
2.2008708708708706,0.8195439830366287,0.08195439830366287,0.8015441961634534,0.08015441961634534
2.2038638638638637,0.8195644067090335,0.08195644067090335,0.8015456963647556,0.08015456963647556
2.2068568568568567,0.8196022822461396,0.08196022822461396,0.8015471966905943,0.08015471966905943
2.20984984984985,0.8196212050049894,0.08196212050049893,0.8015486948562022,0.08015486948562021
2.212842842842843,0.8196410973901147,0.08196410973901147,0.8015501909857283,0.08015501909857284
2.215835835835836,0.8196614671379227,0.08196614671379227,0.8015516851434539,0.08015516851434538
2.218828828828829,0.8196822073086023,0.08196822073086023,0.8015531773804274,0.08015531773804274
2.2218218218218224,0.8197032654209869,0.0819703265420987,0.8015546677410874,0.08015546677410874
2.2248148148148155,0.8197420345093838,0.08197420345093838,0.8015561583395365,0.08015561583395366
2.227807807807808,0.8197615379616818,0.08197615379616818,0.801557646884465,0.0801557646884465
2.2308008008008007,0.8197819847634218,0.08197819847634218,0.801559133494784,0.0801559133494784
2.2337937937937937,0.8198028854113509,0.0819802885411351,0.801560618230711,0.0801560618230711
2.2367867867867868,0.8198241343700918,0.08198241343700918,0.8015621011396029,0.08015621011396029
2.23977977977978,0.8198456803500748,0.08198456803500748,0.8015635822624614,0.08015635822624614
2.242772772772773,0.8198852071077499,0.08198852071077499,0.8015650637163378,0.08015650637163378
2.245765765765766,0.8199051572947025,0.08199051572947025,0.8015665432038024,0.08015665432038024
2.2487587587587585,0.8199260313606163,0.08199260313606163,0.8015680208395566,0.08015680208395566
2.2517517517517516,0.8199473417307377,0.08199473417307376,0.8015694966806431,0.08015694966806432
2.2547447447447446,0.819968983778538,0.0819968983778538,0.8015709707715436,0.08015709707715436
2.257737737737738,0.8199909094598881,0.08199909094598881,0.8015724455982718,0.08015724455982717
2.260730730730731,0.820031094543357,0.0820031094543357,0.8015739220922471,0.08015739220922471
2.263723723723724,0.8200513924858153,0.08200513924858152,0.8015753966807211,0.08015753966807211
2.2667167167167173,0.8200725994890457,0.08200725994890457,0.8015768694752189,0.08015768694752189
2.26970970970971,0.8200942293963204,0.08200942293963204,0.8015783405304078,0.08015783405304078
2.272702702702703,0.8201161782112886,0.08201161782112885,0.8015798098886157,0.08015798098886157
2.2756956956956955,0.8201383960148363,0.08201383960148363,0.8015812775861564,0.08015812775861564
2.2786886886886886,0.8201791552479261,0.08201791552479261,0.8015827457537207,0.08015827457537207
2.2816816816816816,0.8201997165854026,0.08201997165854026,0.8015842120765839,0.0801584212076584
2.2846746746746747,0.8202211756538619,0.08202211756538619,0.8015856766633032,0.08015856766633031
2.2876676676676677,0.8202430473435602,0.08202430473435603,0.8015871395664541,0.08015871395664541
2.2906606606606608,0.8202652280962263,0.08202652280962262,0.8015886008264971,0.0801588600826497
2.2936536536536543,0.820287668410728,0.0820287668410728,0.8015900604780148,0.08015900604780149
2.296646646646647,0.8203289382668313,0.08203289382668313,0.8015915206565726,0.08015915206565725
2.29963963963964,0.8203496989903032,0.08203496989903032,0.8015929790419474,0.08015929790419474
2.302632632632633,0.8203713487897881,0.08203713487897882,0.8015944357401437,0.08015944357401436
2.3056256256256256,0.820393403319408,0.0820393403319408,0.8015958908020056,0.08015958908020056
2.3086186186186186,0.8204157593172494,0.08204157593172494,0.8015973442664612,0.08015973442664612
2.3116116116116117,0.8204383675865532,0.08204383675865531,0.8015987961666795,0.08015987961666796
2.3146046046046047,0.8204800975176014,0.08204800975176015,0.801600248643417,0.08016002486434169
2.3175975975975978,0.8205016702304296,0.08205016702304296,0.8016016994450927,0.08016016994450928
2.320590590590591,0.8205247764345367,0.08205247764345366,0.8016031487475659,0.08016031487475658
2.3235835835835834,0.8205482492585543,0.08205482492585543,0.8016045965960146,0.08016045965960146
2.3265765765765765,0.8205719801606108,0.08205719801606108,0.8016060430233057,0.08016060430233057
2.32956956956957,0.8205959214175558,0.08205959214175558,0.8016074880568237,0.08016074880568237
2.332562562562563,0.8206187199779315,0.08206187199779315,0.8016089315745618,0.08016089315745618
2.335555555555556,0.8206596639499619,0.08206596639499619,0.8016103755782771,0.0801610375578277
2.338548548548549,0.8206787456559239,0.08206787456559239,0.8016118176624665,0.08016118176624665
2.3415415415415417,0.8206980907668322,0.08206980907668322,0.8016132578623703,0.08016132578623703
2.3445345345345343,0.8207178916708858,0.08207178916708859,0.8016146962340374,0.08016146962340373
2.3475275275275274,0.8207380507681041,0.08207380507681042,0.8016161328224986,0.08016161328224986
2.3505205205205204,0.8207572179717368,0.08207572179717368,0.8016175675255116,0.08016175675255116
2.3535135135135135,0.8207949566670596,0.08207949566670596,0.8016190023669929,0.0801619002366993
2.3565065065065065,0.8208113047474348,0.08208113047474348,0.8016204350250268,0.08016204350250268
2.3594994994994996,0.8208286592989066,0.08208286592989066,0.8016218656160624,0.08016218656160624
2.3624924924924926,0.8208465336954531,0.08208465336954532,0.8016232942032369,0.08016232942032368
2.3654854854854857,0.8208648208226226,0.08208648208226225,0.8016247208377314,0.08016247208377314
2.368478478478479,0.8208828239449015,0.08208828239449015,0.8016261454955286,0.08016261454955285
2.3714714714714717,0.8209203711299461,0.0820920371129946,0.8016275702789373,0.08016275702789373
2.374464464464465,0.820936267685979,0.08209362676859791,0.8016289928684834,0.08016289928684835
2.3774574574574574,0.8209531768084476,0.08209531768084476,0.801630413379876,0.0801630413379876
2.3804504504504505,0.8209706135433797,0.08209706135433797,0.8016318318763802,0.08016318318763802
2.3834434434434435,0.8209884707754092,0.08209884707754092,0.8016332484094564,0.08016332484094564
2.3864364364364365,0.821006055550763,0.0821006055550763,0.8016346629567386,0.08016346629567386
2.3894294294294296,0.8210434731378509,0.08210434731378509,0.8016360776239516,0.08016360776239516
2.392422422422422,0.8210589731258291,0.08210589731258292,0.801637490093486,0.0801637490093486
2.3954154154154153,0.8210754888539068,0.08210754888539068,0.8016389004799795,0.08016389004799795
2.3984084084084083,0.821092537454478,0.0821092537454478,0.8016403088465252,0.08016403088465252
2.4014014014014013,0.8211093759334276,0.08211093759334276,0.8016417151778477,0.08016417151778477
2.404394394394395,0.8211259631195136,0.08211259631195136,0.8016431194544784,0.08016431194544785
2.407387387387388,0.8211633207112718,0.08211633207112719,0.8016445238532426,0.08016445238532426
2.410380380380381,0.821178500957169,0.0821178500957169,0.8016459260593671,0.08016459260593671
2.413373373373374,0.8211946970712826,0.08211946970712826,0.8016473261860755,0.08016473261860754
2.4163663663663666,0.8212114285337222,0.08212114285337221,0.8016487242959578,0.08016487242959577
2.419359359359359,0.8212285888624521,0.08212285888624521,0.8016501204401658,0.08016501204401658
2.4223523523523522,0.8212461252695038,0.08212461252695039,0.801651514664064,0.0801651514664064
2.4253453453453453,0.8212846822153801,0.082128468221538,0.8016529091419189,0.08016529091419189
2.4283383383383383,0.8213007601594902,0.08213007601594902,0.801654301556925,0.0801654301556925
2.4313313313313314,0.8213178203201704,0.08213178203201704,0.8016556920168894,0.08016556920168894
2.4343243243243244,0.821335385748907,0.0821335385748907,0.8016570805800323,0.08016570805800323
2.4373173173173175,0.821352719151007,0.0821352719151007,0.8016584672288042,0.08016584672288042
2.4403103103103105,0.8213697803474469,0.08213697803474469,0.8016598519416842,0.08016598519416843
2.4433033033033036,0.8214081421991917,0.08214081421991917,0.8016612368941518,0.08016612368941518
2.4462962962962966,0.8214237583738903,0.08214237583738902,0.8016626197715676,0.08016626197715676
2.4492892892892897,0.82144036196091,0.082144036196091,0.8016640006810284,0.08016640006810284
2.4522822822822823,0.8214574778096438,0.08214574778096438,0.8016653796808487,0.08016653796808487
2.4552752752752753,0.8214750011417483,0.08214750011417483,0.8016667568183887,0.08016667568183887
2.4582682682682684,0.8214928804046742,0.08214928804046742,0.8016681321355136,0.08016681321355136
2.4612612612612614,0.821511082245072,0.08215110822450719,0.8016695056704715,0.08016695056704715
2.4642542542542545,0.8215508952603909,0.08215508952603909,0.8016708795975251,0.08016708795975251
2.467247247247247,0.821567565812408,0.0821567565812408,0.8016722515954615,0.08016722515954615
2.47024024024024,0.8215851778769521,0.0821585177876952,0.8016736217646598,0.08016736217646599
2.473233233233233,0.8216026334111617,0.08216026334111617,0.8016749900953521,0.08016749900953521
2.4762262262262267,0.8216198416563557,0.08216198416563557,0.8016763565688124,0.08016763565688124
2.4792192192192197,0.8216373987411169,0.08216373987411169,0.8016777212256418,0.08016777212256418
2.4822122122122128,0.8216768716660361,0.08216768716660361,0.8016790862436804,0.08016790862436804
2.485205205205206,0.8216929433419251,0.08216929433419251,0.801680449304838,0.0801680449304838
2.488198198198198,0.8217099715426047,0.08217099715426048,0.80168181050992,0.08016818105099201
2.491191191191191,0.8217268617968081,0.0821726861796808,0.8016831698512841,0.08016831698512841
2.494184184184184,0.821743522074043,0.0821743522074043,0.8016845273123028,0.08016845273123027
2.497177177177177,0.8217605435622171,0.0821760543562217,0.801685882934448,0.0801685882934448
2.50017017017017,0.8217778988631962,0.08217778988631962,0.8016872367562513,0.08016872367562514
2.5031631631631632,0.8218175122170641,0.08218175122170641,0.8016885909576411,0.08016885909576411
2.5061561561561563,0.8218327434739564,0.08218327434739564,0.8016899431581421,0.08016899431581422
2.5091491491491493,0.8218483108885783,0.08218483108885784,0.801691293397021,0.0801691293397021
2.5121421421421424,0.8218643867516497,0.08218643867516498,0.8016926417300241,0.08016926417300241
2.5151351351351354,0.8218808745079285,0.08218808745079284,0.8016939882031922,0.08016939882031922
2.5181281281281285,0.8218977241331488,0.08218977241331488,0.8016953328574438,0.08016953328574437
2.5211211211211215,0.8219371267107312,0.08219371267107312,0.8016966778745788,0.08016966778745788
2.524114114114114,0.8219512824155744,0.08219512824155743,0.8016980208200485,0.08016980208200485
2.527107107107107,0.8219651852633435,0.08219651852633435,0.8016993616764118,0.08016993616764118
2.5301001001001002,0.8219796330251489,0.08219796330251489,0.801700700502848,0.0801700700502848
2.5330930930930933,0.8219945326880518,0.08219945326880518,0.8017020373492609,0.08017020373492609
2.536086086086086,0.8220098324861941,0.08220098324861941,0.801703372260298,0.0801703372260298
2.539079079079079,0.8220242840144201,0.08220242840144201,0.8017047051613929,0.08017047051613929
2.542072072072072,0.8220604445490463,0.08220604445490462,0.80170603812336,0.08017060381233601
2.545065065065065,0.8220723225471085,0.08220723225471085,0.8017073688396383,0.08017073688396384
2.5480580580580585,0.8220852302994226,0.08220852302994226,0.8017086974153474,0.08017086974153474
2.5510510510510516,0.8220987052449041,0.08220987052449041,0.801710023911218,0.0801710023911218
2.5540440440440446,0.8221102618987792,0.08221102618987793,0.8017113481532528,0.08017113481532528
2.5570370370370377,0.8221198889461296,0.08221198889461297,0.801712669967566,0.0801712669967566
2.5600300300300307,0.8221528043185689,0.08221528043185689,0.8017139915489881,0.08017139915489882
2.563023023023023,0.8221612980321766,0.08221612980321766,0.8017153106082121,0.08017153106082121
2.566016016016016,0.8221697322303906,0.08221697322303906,0.8017166271485189,0.08017166271485189
2.569009009009009,0.8221776631396707,0.08221776631396707,0.8017179411317915,0.08017179411317915
2.572002002002002,0.8221861816878848,0.08221861816878848,0.8017192526217174,0.08017192526217173
2.574994994994995,0.8221952421450024,0.08221952421450024,0.8017205616773191,0.0801720561677319
2.577987987987988,0.8222255565599741,0.08222255565599741,0.8017218702766378,0.08017218702766378
2.580980980980981,0.8222289897469535,0.08222289897469534,0.8017231759334765,0.08017231759334766
2.583973973973974,0.8222336221269699,0.082223362212697,0.8017244787692656,0.08017244787692655
2.5869669669669673,0.8222390108907072,0.08222390108907071,0.8017257788638417,0.08017257788638417
2.5899599599599603,0.8222450472795211,0.0822245047279521,0.8017270762865163,0.08017270762865163
2.5929529529529534,0.8222748550928477,0.08222748550928477,0.8017283732254686,0.08017283732254686
2.5959459459459464,0.8222799870969099,0.08222799870969098,0.8017296674236072,0.08017296674236071
2.598938938938939,0.8222851665809078,0.08222851665809078,0.8017309588950863,0.08017309588950863
2.601931931931932,0.822289952851089,0.0822289952851089,0.801732247613859,0.0801732247613859
2.604924924924925,0.8222953857142751,0.08222953857142751,0.801733533648531,0.0801733533648531
2.607917917917918,0.8223014177368638,0.08223014177368639,0.8017348181974899,0.080173481819749
2.6109109109109108,0.8223314002590918,0.08223314002590917,0.8017361038588783,0.08017361038588783
2.613903903903904,0.8223353923082753,0.08223353923082753,0.8017373867192324,0.08017373867192325
2.616896896896897,0.8223394366649693,0.08223394366649693,0.8017386667933611,0.08017386667933611
2.61988988988989,0.8223442142218328,0.08223442142218328,0.8017399441572959,0.08017399441572959
2.6228828828828834,0.8223496280918287,0.08223496280918287,0.8017412188778571,0.08017412188778571
2.6258758758758765,0.8223556224416967,0.08223556224416967,0.8017424910164195,0.08017424910164195
2.6288688688688695,0.8223857557495263,0.08223857557495264,0.8017437627413486,0.08017437627413486
2.631861861861862,0.8223908081733801,0.08223908081733801,0.8017450318132197,0.08017450318132197
2.6348548548548547,0.8223948143224742,0.08223948143224742,0.8017462981482187,0.08017462981482187
2.6378478478478478,0.8223973642965359,0.08223973642965358,0.8017475616267093,0.08017475616267093
2.640840840840841,0.8224005689316447,0.08224005689316446,0.801748822317056,0.0801748822317056
2.643833833833834,0.8224281183339678,0.08224281183339678,0.801750082383247,0.0801750082383247
2.646826826826827,0.8224305383061588,0.08224305383061588,0.8017513396068294,0.08017513396068295
2.64981981981982,0.8224341312980537,0.08224341312980536,0.8017525964085154,0.08017525964085154
2.652812812812813,0.8224384519384693,0.08224384519384693,0.8017538508325489,0.08017538508325489
2.655805805805806,0.8224418127568479,0.0822441812756848,0.8017551025168677,0.08017551025168676
2.658798798798799,0.8224441826672335,0.08224441826672335,0.8017563513843569,0.08017563513843569
2.661791791791792,0.8224710612561658,0.08224710612561657,0.8017575995895414,0.08017575995895414
2.664784784784785,0.8224726383596215,0.08224726383596215,0.8017588449237474,0.08017588449237474
2.6677777777777782,0.8224753739659265,0.08224753739659266,0.8017600874982653,0.08017600874982653
2.670770770770771,0.8224772836388233,0.08224772836388233,0.8017613272511508,0.08017613272511508
2.673763763763764,0.8224782887501088,0.08224782887501088,0.8017625641140953,0.08017625641140953
2.676756756756757,0.8224799190884213,0.08224799190884213,0.8017637981516402,0.08017637981516403
2.6797497497497496,0.8225062488474445,0.08225062488474445,0.8017650315064531,0.08017650315064531
2.6827427427427426,0.8225071217336253,0.08225071217336252,0.801766261985759,0.08017662619857589
2.6857357357357357,0.8225081273055211,0.08225081273055211,0.8017674896113356,0.08017674896113355
2.6887287287287287,0.8225088523201065,0.08225088523201066,0.8017687143693881,0.08017687143693882
2.6917217217217217,0.822510233134857,0.0822510233134857,0.8017699363263624,0.08017699363263624
2.6947147147147152,0.8225122238523248,0.08225122238523248,0.801771155544345,0.08017711555443449
2.6977077077077083,0.8225380644579301,0.08225380644579301,0.8017723740650949,0.08017723740650949
2.7007007007007013,0.8225372902448123,0.08225372902448122,0.801773589626376,0.0801773589626376
2.7036936936936944,0.8225376654668495,0.08225376654668495,0.8017748023364437,0.08017748023364438
2.7066866866866865,0.8225387758051544,0.08225387758051544,0.8017760122677544,0.08017760122677545
2.7096796796796796,0.8225405224633329,0.08225405224633328,0.8017772194839405,0.08017772194839405
2.7126726726726726,0.8225428533668131,0.0822542853366813,0.8017784240438292,0.08017784240438292
2.7156656656656657,0.8225701829740804,0.08225701829740803,0.8017796280587692,0.08017796280587693
2.7186586586586587,0.8225692794435688,0.08225692794435688,0.8017808291597074,0.08017808291597074
2.721651651651652,0.8225670551432342,0.08225670551432343,0.8017820272465938,0.08017820272465938
2.724644644644645,0.8225655838833,0.08225655838833,0.8017832223933176,0.08017832223933176
2.7276376376376374,0.8225647855157145,0.08225647855157145,0.8017844146665926,0.08017844146665926
2.730630630630631,0.8225891567488162,0.08225891567488161,0.8017856061698303,0.08017856061698303
2.733623623623624,0.8225877182537742,0.08225877182537741,0.8017867947621062,0.08017867947621063
2.736616616616617,0.8225620082874286,0.08225620082874287,0.8017879784448373,0.08017879784448373
2.73960960960961,0.8225888638409711,0.0822588863840971,0.8017891615790961,0.0801789161579096
2.742602602602603,0.8225900693575798,0.08225900693575798,0.8017903420508667,0.08017903420508668
2.7455955955955957,0.8225916580899539,0.0822591658089954,0.8017915199010035,0.08017915199010035
2.748588588588589,0.8226184998658758,0.08226184998658757,0.8017926972114484,0.08017926972114484
2.751581581581582,0.8226193217981936,0.08226193217981936,0.8017938718508972,0.08017938718508973
2.7545745745745744,0.8225956335689738,0.08225956335689738,0.8017950418259295,0.08017950418259295
2.7575675675675675,0.8226247512470898,0.08226247512470898,0.8017962114603367,0.08017962114603368
2.7605605605605605,0.8226280093065463,0.08226280093065463,0.8017973786492425,0.08017973786492424
2.7635535535535536,0.8226315943413136,0.08226315943413136,0.8017985434275408,0.08017985434275407
2.7665465465465466,0.8226351848007576,0.08226351848007576,0.8017997058038577,0.08017997058038577
2.76953953953954,0.8226637194178121,0.08226637194178121,0.8018008678035736,0.08018008678035736
2.772532532532533,0.8226659650087226,0.08226659650087226,0.8018020273044666,0.08018020273044665
2.775525525525526,0.8226692052475527,0.08226692052475527,0.8018031843952128,0.08018031843952128
2.778518518518519,0.822673048344065,0.0822673048344065,0.8018043391324337,0.08018043391324337
2.7815115115115114,0.8226774062419651,0.0822677406241965,0.8018054915653338,0.08018054915653337
2.7845045045045045,0.8226822342488117,0.08226822342488117,0.8018066417392354,0.08018066417392354
2.7874974974974975,0.8226875025400222,0.08226875025400222,0.8018077896968006,0.08018077896968005
2.7904904904904906,0.8227179201557805,0.08227179201557805,0.8018089374498045,0.08018089374498046
2.7934834834834836,0.8227213078470854,0.08227213078470855,0.8018100828470622,0.08018100828470623
2.7964764764764767,0.8227256413851529,0.08227256413851529,0.8018112259715747,0.08018112259715747
2.7994694694694697,0.8227305395537743,0.08227305395537743,0.8018123668756221,0.0801812366875622
2.8024624624624628,0.8227359169315303,0.08227359169315303,0.8018135056044104,0.08018135056044104
2.805455455455456,0.8227417306840372,0.08227417306840372,0.8018146421994911,0.08018146421994911
2.808448448448449,0.822747952542306,0.0822747952542306,0.8018157766999394,0.08018157766999394
2.811441441441442,0.8227800184903798,0.08227800184903798,0.801816911143214,0.0801816911143214
2.814434434434435,0.8227852604980068,0.08227852604980068,0.8018180434241561,0.0801818043424156
2.817427427427428,0.822763256866129,0.08227632568661289,0.8018191714180428,0.08018191714180428
2.8204204204204206,0.8227934887450822,0.08227934887450822,0.80182029921947,0.08018202992194699
2.8234134134134132,0.8227971061451794,0.08227971061451794,0.8018214247534319,0.0801821424753432
2.8264064064064063,0.8228010020726818,0.08228010020726818,0.8018225480491004,0.08018225480491004
2.8293993993993993,0.8228053284817436,0.08228053284817435,0.8018236691472658,0.08018236691472658
2.8323923923923924,0.8228357668525638,0.08228357668525638,0.8018247900777992,0.08018247900777992
2.8353853853853854,0.8228391792901515,0.08228391792901515,0.8018259087501322,0.08018259087501321
2.8383783783783785,0.8228169821106756,0.08228169821106755,0.8018270231963733,0.08018270231963734
2.841371371371372,0.822847971893179,0.0822847971893179,0.8018281375263079,0.08018281375263078
2.844364364364365,0.8228507490396642,0.08228507490396642,0.8018292495711818,0.08018292495711818
2.847357357357358,0.8228538001055664,0.08228538001055664,0.8018303593595683,0.08018303593595683
2.8503503503503507,0.8228572844913362,0.08228572844913362,0.8018314669320663,0.08018314669320663
2.8533433433433433,0.8228871219261653,0.08228871219261653,0.8018325743084276,0.08018325743084276
2.8563363363363363,0.8228897203865266,0.08228897203865267,0.8018336794114916,0.08018336794114916
2.8593293293293294,0.8228664778504025,0.08228664778504025,0.8018347802837495,0.08018347802837496
2.8623223223223224,0.8228977748125749,0.08228977748125749,0.8018358810797688,0.08018358810797688
2.8653153153153155,0.8229015460424843,0.08229015460424843,0.8018369797132835,0.08018369797132835
2.8683083083083085,0.8229055687175307,0.08229055687175307,0.8018380762103333,0.08018380762103333
2.871301301301301,0.8229099953718633,0.08229099953718633,0.8018391706083127,0.08018391706083126
2.874294294294294,0.8229148068623914,0.08229148068623914,0.8018402629429526,0.08018402629429526
2.8772872872872877,0.8229462286250016,0.08229462286250015,0.8018413552204972,0.08018413552204971
2.8802802802802807,0.822950094613535,0.0822950094613535,0.8018424453727067,0.08018424453727066
2.8832732732732738,0.8229277764660854,0.08229277764660854,0.801843531446983,0.0801843531446983
2.886266266266267,0.8229609796479664,0.08229609796479664,0.8018446176047702,0.08018446176047703
2.88925925925926,0.8229663360509977,0.08229663360509977,0.8018457017683303,0.08018457017683303
2.8922522522522525,0.8229714611052398,0.08229714611052398,0.8018467839267613,0.08018467839267614
2.8952452452452455,0.8229769539343657,0.08229769539343657,0.8018478641137248,0.08018478641137247
2.898238238238238,0.822982799663375,0.0822982799663375,0.8018489423615839,0.08018489423615839
2.901231231231231,0.8230155363704041,0.08230155363704042,0.8018500206655775,0.08018500206655775
2.904224224224224,0.823020399270564,0.0823020399270564,0.8018510969658681,0.0801851096965868
2.9072172172172173,0.8229987364448015,0.08229987364448015,0.8018521693146251,0.08018521693146251
2.9102102102102103,0.8230331635812537,0.08230331635812536,0.8018532418501083,0.08018532418501083
2.913203203203204,0.8230394245778365,0.08230394245778365,0.8018543125029713,0.08018543125029713
2.916196196196197,0.8230454320998803,0.08230454320998803,0.8018553812604843,0.08018553812604842
2.9191891891891895,0.8230517813443878,0.08230517813443879,0.8018564481535175,0.08018564481535176
2.9221821821821825,0.8230584583397837,0.08230584583397837,0.8018575132117457,0.08018575132117457
2.9251751751751756,0.8230923200852537,0.08230923200852537,0.8018585784208938,0.08018585784208938
2.928168168168168,0.8230979863818264,0.08230979863818264,0.8018596417289374,0.08018596417289374
2.931161161161161,0.8230767846172793,0.08230767846172793,0.8018607011925736,0.08018607011925735
2.9341541541541543,0.8231122634634365,0.08231122634634365,0.8018617609294876,0.08018617609294876
2.9371471471471473,0.8231196889537723,0.08231196889537723,0.8018628189096508,0.08018628189096508
2.9401401401401404,0.8231272747695338,0.08231272747695338,0.8018638751499473,0.08018638751499473
2.9431331331331334,0.8231351697803839,0.08231351697803839,0.8018649296778895,0.08018649296778894
2.946126126126126,0.8231433583745763,0.08231433583745763,0.8018659825197144,0.08018659825197144
2.9491191191191195,0.8231518273405981,0.08231518273405981,0.8018670337005663,0.08018670337005664
2.9521121121121126,0.8231873961226276,0.08231873961226276,0.801868085165996,0.0801868085165996
2.9551051051051056,0.8231939211798622,0.08231939211798622,0.80186913483746,0.080186913483746
2.9580980980980986,0.8231731526176735,0.08231731526176736,0.8018701807735802,0.08018701807735802
2.9610910910910917,0.8232098072209384,0.08232098072209384,0.8018712270755439,0.08018712270755439
2.9640840840840847,0.8232180027797543,0.08232180027797543,0.8018722717181588,0.08018722717181588
2.967077077077077,0.8232263361322674,0.08232263361322674,0.8018733147161189,0.08018733147161189
2.97007007007007,0.8232349561647749,0.08232349561647749,0.8018743560945825,0.08018743560945825
2.973063063063063,0.8232425601642963,0.08232425601642963,0.8018753957865066,0.08018753957865066
2.976056056056056,0.8232491481929171,0.0823249148192917,0.8018764337252526,0.08018764337252526
2.979049049049049,0.8232560180453836,0.08232560180453836,0.8018774699359414,0.08018774699359414
2.982042042042042,0.8232908932486115,0.08232908932486115,0.8018785063919822,0.08018785063919823
2.985035035035035,0.8232967258353165,0.08232967258353166,0.8018795410535857,0.08018795410535857
2.9880280280280287,0.8232748073898232,0.08232748073898231,0.8018805719834439,0.08018805719834439
2.9910210210210217,0.8233111986603443,0.08233111986603443,0.8018816032688342,0.08018816032688342
2.9940140140140143,0.8233186881633379,0.08233186881633378,0.8018826328912232,0.08018826328912232
2.9970070070070074,0.8233263153016458,0.08233263153016458,0.8018836608651123,0.08018836608651123
3.0000000000000004,0.8233342282919233,0.08233342282919233,0.8018846872152268,0.08018846872152267
