time_ns,front_position (Marshak),front_position (Ablation with varying rho),front_position (2D effects + lam_eff),front_position (No Marshak)
0.01,0.0,0.0,0.0,0.0019249843902035967
0.012992992992992993,4.946245698776622e-05,4.115053606654431e-05,4.1150536066541e-05,0.002194228311129467
0.01598598598598599,0.0001167294193358607,0.00010537643536417634,0.00010536462421410395,0.0024338674697272724
0.01897897897897898,0.00018554541354933344,0.00017259131790862004,0.00017251854320884613,0.002651939637139427
0.021971971971971975,0.00024438216461113263,0.00022898387163233246,0.00022886648546873082,0.0028533939121449317
0.024964964964964968,0.0003027811936900616,0.0002860159207584293,0.0002858466536402291,0.0030415341189439773
0.02795795795795796,0.00035837368577871576,0.0003406618978531513,0.0003404188445048695,0.0032186958190445515
0.030950950950950955,0.00041233844911620136,0.00039362628397197024,0.00039330980326565364,0.0033866023909472215
0.03394394394394395,0.000464880240686334,0.0004453098389817409,0.00044491255371551663,0.003546568585718313
0.03693693693693694,0.0005161940516027901,0.0004956685242941594,0.0004951842000022228,0.0036996245366305155
0.039929929929929935,0.0005664372349735126,0.0005449573858842656,0.0005443809661716074,0.003846595207566442
0.04292292292292293,0.0006157302056890075,0.0005933860138868587,0.0005927118075342923,0.003988153416019459
0.04591591591591592,0.000664169029964851,0.0006408776383405149,0.0006401008086848401,0.004124856439749417
0.048908908908908914,0.0007118323845051449,0.0006876774601460942,0.0006867931919485197,0.004257172022290948
0.05190190190190191,0.0007587858572603799,0.0007336447587751216,0.0007326180902258672,0.004385497304321525
0.0548948948948949,0.0008050849445037157,0.0007790588561908371,0.0007778511570786634,0.004510172899684215
0.057887887887887894,0.000850777206710459,0.0008236868271809158,0.0008226091221926579,0.004631493556497782
0.06088088088088089,0.0008959038528311926,0.0008677889399504718,0.0008666001749706906,0.004749716364449044
0.06387387387387387,0.0009405009296367014,0.0009115339135783817,0.000910193023738131,0.004865067165163251
0.06686686686686687,0.0009846002319260267,0.0009545604387595783,0.0009530693309541744,0.004977745624314702
0.06985985985985986,0.0010282300109202783,0.00099727761602572,0.000995636039703814,0.005087929291884737
0.07285285285285285,0.0010714155338002163,0.0010393078799225447,0.0010375186401112874,0.005195776886862375
0.07584584584584585,0.0011141795315032798,0.001081104242960933,0.001079164300714906,0.005301430980111676
0.07883883883883884,0.0011565425613200256,0.0011222364961244072,0.00112016168798875,0.00540502020493193
0.08183183183183183,0.0011985233036187475,0.0011631988781798724,0.0011607115138646221,0.005506661093126847
0.08482482482482483,0.001240138806988423,0.0012035403945931343,0.0012011886682061143,0.005606459611322597
0.08781781781781782,0.0012814046925357493,0.0012434416675238323,0.0012410106776173005,0.005704512455260841
0.09081081081081081,0.0013223353254919225,0.0012833342462172405,0.0012807564859304177,0.00580090814709737
0.0938038038038038,0.0013629439604084372,0.0013225811494519517,0.0013198397811051855,0.0058957279711580315
0.0967967967967968,0.0014032428648386973,0.001361807790650424,0.001358891824587182,0.005989046776301699
0.09978978978978979,0.0014432434253293719,0.001400450484312259,0.0013973578075036034,0.006080933667420187
0.10278278278278279,0.0014829562387897162,0.0014386325885864546,0.0014353659520013411,0.006171452604241475
0.10577577577577578,0.0015223911916585667,0.0014769459062627297,0.0014734990962910334,0.006260662922185912
0.10876876876876877,0.0015615575288438254,0.0015146003107218084,0.0015110846863079968,0.006348619787329212
0.11176176176176177,0.001598529962786311,0.0015504041110715049,0.0015462430442890333,0.00636816818931526
0.11475475475475476,0.0016347838515763582,0.0015851042215961767,0.0015810645156995719,0.006467530761409308
0.11774774774774775,0.0016731871770072364,0.0016216476745243378,0.0016175254678845524,0.0065653897227921304
0.12074074074074075,0.0017128342080008415,0.0016599158336227911,0.0016556235644903064,0.006661811335854042
0.12373373373373374,0.0017510389955604968,0.0016964393724134817,0.0016919472021837603,0.006688214675895523
0.12672672672672675,0.001788948032730109,0.0017323352624825745,0.0017276317817172511,0.006796630591724907
0.12971971971971974,0.0018272288122554588,0.00176908428168388,0.0017641443474632839,0.006835544858096599
0.13271271271271273,0.0018664760302907818,0.0018062351434185683,0.0018012215994678007,0.006956682072122276
0.13570570570570573,0.0019073609879978774,0.0018454510114573222,0.0018395491190869616,0.007021683551690067
0.13869869869869872,0.0019498331042419712,0.0018858433907984063,0.0018799923300499195,0.007152564440139602
0.1416916916916917,0.001995557727519889,0.0019291107365617074,0.001923073888563305,0.007281093066334494
0.1446846846846847,0.0020417562221261105,0.0019734778626843805,0.0019671562452008083,0.0073655267826444925
0.1476776776776777,0.002088538989266463,0.0020178228539660193,0.002011180448902449,0.007500351371444914
0.1506706706706707,0.002137399684849762,0.0020647851718966956,0.002057783991568892,0.0076327948095319485
0.15366366366366369,0.002186469995871664,0.0021113131412888483,0.0021041761747166146,0.007733886218098094
0.15665665665665668,0.0022358124525585213,0.0021586777327505012,0.002150409161805232,0.007869063294364945
0.15964964964964967,0.0022864502733981563,0.0022068959969144537,0.0021986157251209794,0.008001957149782529
0.16264264264264267,0.0023358286887872415,0.0022534163678939244,0.002244891773632981,0.008072496406018315
0.16563563563563566,0.0023849009474306154,0.0023003450915542664,0.0022914757771476664,0.008215707904658127
0.16862862862862865,0.0024352746361956676,0.002347827047307178,0.0023385618498628653,0.008325943490447454
0.17162162162162165,0.0024841219358535892,0.002394450337407949,0.0023847513088813303,0.008396532637244053
0.17461461461461464,0.0025340744799811814,0.0024413365936540653,0.002431180814851915,0.00855996317055486
0.17760760760760763,0.0025859796957258935,0.0024907953996909076,0.002480136567821352,0.008659794108931635
0.18060060060060062,0.002639763861959105,0.0025412672309964718,0.002530076281308238,0.008834209623397536
0.18359359359359362,0.0026952350491945298,0.0025940827838514128,0.0025823190133973154,0.0089440197754752
0.1865865865865866,0.002752396641361513,0.002647690472096056,0.002635329853395658,0.00912961701626119
0.1895795795795796,0.0028105586996781547,0.0027029895364336074,0.0026899955138401893,0.009234336916275336
0.1925725725725726,0.002870218868295865,0.0027588429394646914,0.0027451916043135655,0.009436168649329939
0.1955655655655656,0.0029327330378427136,0.0028179058064669834,0.002803884529559922,0.009586683262263966
0.19855855855855858,0.002997494572505442,0.002879576901635368,0.0028638152866116776,0.009794943868190882
0.20155155155155158,0.0030639992384648984,0.0029418987257010623,0.0029258523787722597,0.009950496849015153
0.20454454454454457,0.003132012389248796,0.00300642622943396,0.0029897451950066925,0.010165266761495905
0.20753753753753756,0.003201327600167513,0.003071232051838508,0.0030537800433864002,0.01032590669154095
0.21053053053053056,0.0032718949800080188,0.0031377023936130814,0.003119393578598139,0.010547268370653734
0.21352352352352355,0.003345492079574202,0.0032076064824126107,0.003188353297182599,0.010764078741944204
0.21651651651651654,0.0034207869946699097,0.0032780502635604957,0.00325781045087206,0.010976607501544253
0.21950950950950954,0.0034937188867807515,0.003346584657422055,0.0033253459019140495,0.011096442133700098
0.22250250250250253,0.003565969519462982,0.0034144814690360813,0.0033926135583130395,0.011326541561048259
0.22549549549549552,0.0036418751478222867,0.0034862886007009375,0.00346220359874835,0.011552058666824384
0.22848848848848852,0.0037193327410799553,0.003558374867186738,0.0035337005309505117,0.011754613645731965
0.2314814814814815,0.003797068142023374,0.0036311354001843047,0.0036059312184015114,0.011957891387080291
0.2344744744744745,0.0038738126542398293,0.0037034044584278937,0.003675910423811445,0.012124001953682476
0.2374674674674675,0.0039512209739428605,0.003775037154669853,0.0037469214120252154,0.012358855268691037
0.2404604604604605,0.0040266428831910025,0.00384512256931443,0.003816006022722725,0.01245535249361625
0.24345345345345348,0.004099264383857018,0.003912459287702534,0.0038826249937415672,0.012645379309533982
0.24644644644644648,0.004177402642957528,0.003985505516562739,0.003953111395997986,0.012928818899966645
0.24943943943943947,0.004262944441843016,0.004064417112414365,0.004031123021671276,0.013206176525182429
0.25243243243243246,0.004350767096907226,0.004146003976259507,0.004111340045306422,0.01341850922510632
0.25542542542542546,0.004440404029503217,0.004229415229038869,0.0041936299590681035,0.013702776283905033
0.25841841841841845,0.004533862087650796,0.004316491706771827,0.0042781268702649505,0.013981264819365848
0.26141141141141144,0.004628044425167604,0.004404631723712741,0.004363740075546805,0.014212392268798923
0.26440440440440444,0.004722852834142974,0.004491870955994589,0.00444998220040998,0.014492150935996422
0.26739739739739743,0.004819041267093881,0.004580911561222956,0.0045374489748458815,0.014744852759298809
0.2703903903903904,0.004916145814184686,0.0046709365316335285,0.004625634643532315,0.015020168891911212
0.2733833833833834,0.005014606673489227,0.0047622459407561995,0.004714946201056298,0.015290528577837748
0.2763763763763764,0.0051114084729463475,0.004851823861272913,0.004802967941877246,0.015487390123522495
0.2793693693693694,0.005207526039709395,0.004940567602960062,0.0048886668788591554,0.015765922173785262
0.2823623623623624,0.005303622178939044,0.00502911082438628,0.004974739586235876,0.015969376598736967
0.2853553553553554,0.005400212680247384,0.005117947712537467,0.005061296896904592,0.0162561522016561
0.2883483483483484,0.005496722298061208,0.005206505872538945,0.005147639451032928,0.01644269850453099
0.2913413413413414,0.00559391482853031,0.0052955155867123035,0.005234427025866723,0.016744004006699124
0.29433433433433437,0.005693912395320575,0.005387626205450843,0.0053236767349824346,0.016991290348893226
0.29732732732732736,0.005796106410531034,0.005480164762699945,0.005414788747373309,0.017294542033561067
0.30032032032032036,0.005899116217563243,0.005573958399364454,0.005506421534394791,0.01751767920627769
0.30331331331331335,0.006003149160296696,0.005668821358551713,0.005598763728387333,0.017829409384733336
0.30630630630630634,0.006108304775366544,0.005764711204693412,0.005692504860649578,0.018059290118985258
0.30929929929929934,0.006214738065311102,0.0058617090322252135,0.005785581686025586,0.01837957744231776
0.31229229229229233,0.006321563838554272,0.005958909832508731,0.005879428009961107,0.01859058978409197
0.3152852852852853,0.0064294218866806745,0.006056902817699791,0.00597424129812336,0.018926177607326986
0.3182782782782783,0.006541419159363222,0.0061587218500661275,0.0060728752400284955,0.019229286424093255
0.3212712712712713,0.006656315228540836,0.006263181376500478,0.006174081252371628,0.019560026216157104
0.3242642642642643,0.006774068343333429,0.006370245543690581,0.006277799669420495,0.019885265770758238
0.3272572572572573,0.006893539815299154,0.006478817392641289,0.006382933539891987,0.020205270697781445
0.3302502502502503,0.007013945444257423,0.006588138174089267,0.006488733622868583,0.020520285893904148
0.3332432432432433,0.0071271693557851765,0.006689586230102002,0.006586695198242021,0.020602486590356895
0.3362362362362363,0.007237005410012988,0.0067891980834571255,0.0066828382689346575,0.02096051594673078
0.33922922922922927,0.007353881139036502,0.006894696068994074,0.006784667036788926,0.021312531614063934
0.34222222222222226,0.007475663788183066,0.007004491898796554,0.006890583650868859,0.02165882681143635
0.34521521521521525,0.0075995898584559985,0.007116041758986084,0.006998103539717919,0.021969701223022515
0.34820820820820825,0.007724956913411306,0.007228724766731857,0.0071066362228319035,0.022311951555904156
0.35120120120120124,0.00785230621584867,0.0073431172198807435,0.0072167548063388,0.022649030721802448
0.35419419419419423,0.007976866445559297,0.0074545939108238935,0.007323906430427984,0.02285658219588897
0.3571871871871872,0.008100109482471196,0.007564549639653408,0.007429487310607645,0.023210340323813684
0.3601801801801802,0.008227169526930962,0.007677246150842965,0.007538419529517731,0.02355878702771164
0.3631731731731732,0.00835683804770231,0.007794246957590136,0.007649569577587244,0.0239021545992594
0.3661661661661662,0.008488120651463094,0.007911925428397262,0.0077620051009443915,0.024240658876291295
0.3691591591591592,0.008620333362255598,0.008030041637801045,0.007874292956126492,0.02457450082965151
0.3721521521521522,0.008747843444130396,0.008143250223242138,0.007983833055341599,0.02473603290010179
0.3751451451451452,0.008872818481986,0.008253662024633642,0.008089888345445223,0.025093705935655606
0.3781381381381382,0.00900212240599885,0.008367179747865949,0.008199449033487276,0.025446352028049065
0.3811311311311312,0.00913451278147778,0.00848555171512571,0.008311497047675469,0.025794177356249143
0.38412412412412417,0.009266795924316864,0.008602893992421435,0.008423066796153593,0.02606722151900844
0.38711711711711716,0.009399194856359752,0.008719824048208877,0.008534406303528665,0.026419040544797708
0.39011011011011015,0.0095308250113473,0.008835631816563695,0.00864468841728141,0.026659314375733125
0.39310310310310315,0.009662381106566854,0.008951050735786788,0.008754573751857645,0.02702193949454107
0.39609609609609614,0.00979761705854562,0.009068884091484583,0.008866751205922755,0.02737976232747659
0.39908908908908913,0.00993544293521096,0.009191208520650552,0.008983296407282421,0.027732968758709797
0.4020820820820821,0.010070541106758894,0.009309934883819412,0.009096165178860641,0.027933288056399306
0.4050750750750751,0.01020424584091914,0.009426731169304611,0.009207053456663316,0.028304392411410726
0.4080680680680681,0.010342077428567962,0.009547115805706807,0.009321358642489485,0.02867069371181085
0.4110610610610611,0.010482894585856776,0.009669162832876223,0.00943809269592625,0.02903237375850991
0.4140540540540541,0.010625710336684831,0.009795204260309817,0.009555410723551245,0.02938960316491463
0.4170470470470471,0.010765269920957667,0.009917109615204915,0.009671636062862803,0.029586440386572013
0.4200400400400401,0.01090301479588411,0.01003666060516606,0.009784992321736288,0.02996188741215705
0.4230330330330331,0.011044677753974514,0.010158575177611635,0.009901386088515873,0.03033268764632259
0.4260260260260261,0.011189214866398416,0.010285346873403454,0.010020005095368647,0.030699009469361816
0.42901901901901907,0.011335701610226836,0.010412992902420867,0.01014007013430081,0.031061011331741308
0.43201201201201206,0.011478794530968513,0.010535760498530148,0.010255514947226861,0.03125519835869257
0.43500500500500505,0.011619935619277601,0.010658603370030613,0.010371209097659123,0.031635724811083295
0.43799799799799805,0.011764995287727148,0.010784087730282053,0.010489438718392956,0.032011728228947024
0.44099099099099104,0.011912967797070202,0.010911787779655438,0.010609750648470731,0.03238336616359295
0.44398398398398403,0.01206294844188635,0.011039933646075311,0.010730369779976854,0.032750787226671504
0.446976976976977,0.01220947444802499,0.011166935346622005,0.010849847959883627,0.032943032720991826
0.44996996996997,0.012353970429953159,0.011290853879495102,0.010966172326724413,0.03332927761081004
0.452962962962963,0.012502430502705787,0.011417957881493366,0.011085502030764381,0.033711097390333476
0.455955955955956,0.01265387261758896,0.011546387497011512,0.011207103010913384,0.034088640754108314
0.458948948948949,0.01280372880557717,0.011675576590663853,0.011325596280683333,0.03432946103957383
0.461941941941942,0.012952765085991191,0.011802859370297833,0.011445560169468533,0.03471917191521369
0.464934934934935,0.013105335732327436,0.01193173397963179,0.011567624376764903,0.035104556708335025
0.467927927927928,0.013260545258544951,0.01206541032485771,0.01169146615961062,0.035485756366452945
0.47092092092092097,0.01341760050057412,0.012199746441294143,0.011815303802989582,0.03586290434571358
0.47391391391391396,0.013569615315548586,0.012327371909955141,0.011936708440196515,0.036006022677351854
0.47690690690690696,0.01371852378883755,0.012454209254003522,0.012053898193726006,0.03640951833203622
0.47989989989989995,0.013872253751327888,0.012584441721380332,0.01217483507491825,0.03680859113440487
0.48289289289289294,0.014029716599195871,0.012716343140440626,0.012298695937527974,0.03720338341372589
0.48588588588588594,0.014184712537995268,0.012848203159959524,0.012418461542222774,0.03740524156047553
0.48887887887887893,0.014338387975232732,0.012977527820320722,0.012539401273593804,0.03781979076493274
0.4918718718718719,0.014496921490325611,0.01310947733801758,0.0126635869423159,0.0382298450272697
0.4948648648648649,0.014659189267187693,0.013247405927879681,0.012790504069773648,0.03863554746751784
0.4978578578578579,0.014824167390104026,0.01338673909745468,0.012918034727975584,0.03903703376821285
0.5008508508508509,0.014985785964728921,0.013520819721929143,0.013044910337876818,0.03923804752721642
0.5038438438438438,0.01514537689650421,0.013655348106479002,0.01316853067362056,0.039659586706234734
0.5068368368368369,0.015309387514437386,0.0137914605683405,0.013294080574885691,0.0400766922496182
0.5098298298298298,0.015476820156788229,0.013933144882831178,0.013425257952690737,0.04048950117785923
0.5128228228228229,0.01564674363601648,0.014075885499965081,0.013557355910159628,0.0408981435959277
0.5158158158158159,0.01581575562838254,0.014215581679704669,0.013686345676557205,0.0412002269341834
0.5188088088088089,0.015984254791498717,0.014357292200328105,0.013817332433480467,0.04161485824804361
0.5218018018018018,0.016155307783720232,0.01449871832552728,0.013949268727694348,0.042025398922334034
0.5247947947947948,0.01632828176497767,0.014644387341052653,0.014082163210477769,0.04243196769132757
0.5277877877877879,0.01650260934859188,0.014788536384487832,0.014214204283074263,0.04283467765414396
0.5307807807807808,0.016677853114443923,0.014935962605297374,0.01434983694262095,0.043233636642213795
0.5337737737737738,0.016849581699758795,0.01507713901720211,0.014479338262015527,0.043466893545413055
0.5367667667667668,0.017018906348849797,0.015218365608722176,0.014609064648688276,0.04387917587412132
0.5397597597597599,0.01719089777905561,0.0153606822809087,0.014739749989616425,0.04428762035034022
0.5427527527527528,0.017364973341427222,0.015502622734349122,0.014869911960847665,0.04469233219691792
0.5457457457457457,0.017540559932848556,0.01564872781894082,0.015004162097912398,0.045093411914640745
0.5487387387387388,0.017717208533714404,0.01579298461920396,0.015137966940142938,0.04549095557368809
0.5517317317317318,0.0178889799848221,0.0159351828819094,0.015264771810451284,0.04565936030134588
0.5547247247247248,0.018057391951175575,0.016071101046894302,0.015391199672526732,0.046077380055243804
0.5577177177177177,0.01822937127824831,0.016212915844611635,0.015519461265615283,0.04649164142491249
0.5607107107107108,0.01840421797808357,0.01635438214274667,0.015649517833314214,0.04690224399759458
0.5637037037037038,0.018581220880640847,0.01650048994329221,0.01577922366034444,0.04730928303871405
0.5666966966966968,0.018755535795420074,0.01664259113057623,0.015909436032070377,0.047538050081792065
0.5696896896896897,0.01892805192764284,0.01678037148242423,0.016036574073814754,0.04795881622539473
0.5726826826826827,0.01910385901805797,0.01692412284813843,0.016164159638654054,0.048375922749890804
0.5756756756756758,0.0192822927727894,0.017067303254084443,0.016297144177445485,0.0487894635148371
0.5786686686686687,0.019459814939359745,0.017212391099964277,0.01642783236283307,0.049079887209964396
0.5816616616616617,0.019636792851760156,0.017353732394230135,0.016555332513911468,0.04950030322915032
0.5846546546546547,0.019816482130549505,0.017500377727082902,0.01668834141573565,0.049917178516146465
0.5876476476476478,0.019993902439191764,0.017641590698844797,0.01681776907960698,0.050148237211523936
0.5906406406406407,0.020169845675853983,0.01778411039790943,0.01694305977153727,0.05057911142884744
0.5936336336336336,0.02034945251898052,0.017926715906290323,0.01707477221442396,0.051006345982046765
0.5966266266266267,0.020532010314245803,0.018074913121482197,0.017207684310203787,0.0514300315763927
0.5996196196196197,0.020716828690843955,0.018223748637386423,0.017339861902382722,0.051850255211110044
0.6026126126126127,0.020903351917733883,0.018371428709090365,0.017476763108872445,0.0522671003879662
0.6056056056056056,0.021085147320428703,0.01851586474308928,0.01760780064429772,0.0524279966146865
0.6085985985985987,0.02126360820189643,0.01865945814815274,0.01773286218877654,0.052866084504213075
0.6115915915915917,0.0214459839732106,0.01880498421907068,0.017864702839555473,0.053300571784771836
0.6145845845845846,0.021631577470475134,0.018950587350848164,0.017997950512082195,0.053731545802820815
0.6175775775775776,0.021819667411020514,0.019101717994090703,0.01813054040652642,0.05415909042937896
0.6205705705705706,0.022006627976755896,0.019248346685689945,0.018265388128755736,0.05445302029375911
0.6235635635635637,0.022192853928450794,0.019397325871625785,0.01839799407765019,0.05488784666437581
0.6265565565565566,0.022381775190022154,0.0195452720489841,0.018530043523151952,0.055319255271483146
0.6295495495495496,0.02257285774722978,0.019698349712014174,0.018667447788804078,0.05574732546168474
0.6325425425425426,0.022759400690162964,0.0198435229196282,0.01879703238161081,0.05590619780458772
0.6355355355355357,0.022942725302929567,0.019988683263362575,0.0189268205247334,0.05635590929502309
0.6385285285285286,0.023130234127862852,0.020134022199843248,0.019058688422457015,0.056802060455339566
0.6415215215215215,0.0233212124667279,0.02028575402065125,0.019190513500438475,0.05724473453056822
0.6445145145145146,0.023511776330407536,0.020433350218686523,0.019325370712816113,0.05754824049672491
0.6475075075075076,0.023702188061926713,0.0205817850657922,0.01945842353779295,0.057998379707759645
0.6505005005005006,0.02389587304178947,0.02073578439417695,0.019591218796002213,0.05844505208468927
0.6534934934934935,0.024092209324014447,0.020888210997911674,0.019729959365500538,0.05888833651614395
0.6564864864864866,0.024290610278703696,0.021045658404794672,0.01986895605562843,0.05932830894349839
0.6594794794794796,0.024482582392262583,0.021193103429697845,0.019998832806819182,0.05941671077204515
0.6624724724724725,0.024669909285959284,0.021339267374401567,0.02012806365408403,0.059886082165035576
0.6654654654654655,0.024862237469666735,0.02148605744648617,0.02026015420247132,0.06035180324717663
0.6684584584584585,0.02505877582346445,0.02164004640157313,0.020392717645488476,0.06081395788217084
0.6714514514514516,0.02525541171739259,0.021790128848410792,0.02052905806811874,0.06113073864867503
0.6744444444444445,0.025452319165310357,0.021943751783556086,0.02066395161448783,0.06160055394426314
0.6774374374374375,0.025652969978306125,0.02209681736013315,0.020798796589737528,0.06206681307065425
0.6804304304304305,0.025856676307534635,0.022256140783829353,0.020940182205189506,0.06252959557885371
0.6834234234234235,0.026062792323657283,0.022413667327244164,0.02107963975685344,0.06298897809746137
0.6864164164164165,0.0262641654162629,0.022567827465789572,0.021218393748453534,0.06315329214244932
0.6894094094094094,0.026462107370632114,0.02272147941551954,0.021352179948420938,0.06363529267736921
0.6924024024024025,0.026664459282701822,0.022874769228952044,0.021486297083433657,0.0641136696800248
0.6953953953953955,0.026870513715287776,0.02303485431993426,0.021627597210082762,0.06458850366392013
0.6983883883883885,0.027079524247082088,0.02319341642536213,0.0217672872136247,0.0650598722043712
0.7013813813813814,0.027290871499054927,0.02335518813196179,0.021912766542325726,0.06552785008646327
0.7043743743743744,0.027504045558052654,0.023521528516739772,0.022055463040471547,0.06599250944356409
0.7073673673673675,0.02771862737168843,0.023684655465751544,0.022203098476735884,0.06645391988712017
0.7103603603603604,0.027927522611402234,0.023843408848701734,0.02234109881184899,0.06660663210326397
0.7133533533533534,0.028132161905273963,0.024000950491210867,0.02247891257664669,0.06709081199164403
0.7163463463463464,0.028340621952938634,0.02415729619082032,0.02261818169490709,0.06757152260573014
0.7193393393393395,0.028552320587764392,0.024320116872265492,0.022756484845490428,0.06804883746850697
0.7223323323323324,0.028766613947795682,0.02448083991113993,0.022901157372045067,0.06852282754216912
0.7253253253253253,0.028979539763134842,0.024641309114245714,0.023040091663790403,0.06883683561487283
0.7283183183183184,0.029191505601979896,0.024803847103564956,0.023182044366575318,0.0693189744337583
0.7313113113113114,0.029406346510014374,0.024964260350652346,0.0233246479223295,0.06979778288475247
0.7343043043043044,0.029623567028574497,0.0251278191837589,0.02346543019554299,0.07027332904243297
0.7372972972972973,0.029837469371643305,0.025291301509474767,0.023607453365459476,0.07050602336783784
0.7402902902902904,0.03004891953087249,0.025447566342929072,0.02374263910077574,0.07099724938710014
0.7432832832832834,0.030263951844236463,0.02560799417705339,0.02388505847477442,0.07148509991545152
0.7462762762762764,0.030482005639935843,0.025774256739544248,0.02402540961489781,0.07196964359582504
0.7492692692692693,0.030697204254050276,0.02593289855614418,0.024167233834126712,0.07220718531705529
0.7522622622622623,0.030910335860983153,0.026093252055134172,0.024302304246995986,0.07270757790170398
0.7552552552552554,0.03112745269708113,0.026252419771909796,0.024444929737263952,0.0732045501130438
0.7582482482482483,0.03134793741301939,0.0264157314221831,0.024588525923962472,0.0736981711453814
0.7612412412412413,0.0315711511351984,0.026584801547821408,0.024730322449444113,0.07418850789101174
0.7642342342342343,0.03178938119206862,0.026744210142151517,0.024872072691005782,0.07434338477936778
0.7672272272272274,0.03200389341242652,0.0269010408436294,0.025005587007030636,0.07485737258975783
0.7702202202202203,0.032223065315269715,0.027065303743883957,0.02514745522186565,0.07536785522774624
0.7732132132132132,0.03244622487990814,0.02722805646679138,0.02529086092454815,0.07587490344125129
0.7762062062062063,0.032672642954351024,0.02739474556482124,0.025432834602617693,0.07637858562979483
0.7791991991991993,0.032898068941378825,0.0275637899799,0.025578483987632416,0.07670879393493649
0.7821921921921923,0.033122841610732916,0.02772692131852983,0.025718525908271984,0.07722102572170077
0.7851851851851852,0.033350951491036375,0.027894018828677678,0.025865911309999982,0.07772988202789577
0.7881781781781783,0.03358185856202909,0.02806702830846448,0.02601061066888519,0.07823542871761885
0.7911711711711713,0.0338113601793841,0.028233398629199987,0.026158448941060983,0.07856408005225096
0.7941641641641642,0.03403985493136283,0.02839974393768558,0.02630010798877275,0.07907827288873957
0.7971571571571572,0.03427141795851754,0.028569177605213093,0.026448863361829524,0.07958914380539239
0.8001501501501502,0.03450555897011376,0.028744165150027447,0.02659455933317174,0.08009675636556637
0.8031431431431433,0.034741783789565946,0.028915495731804613,0.02674653623276223,0.0806011721310203
0.8061361361361362,0.03497597565754433,0.029085832484879733,0.026891316764287576,0.08092414716821283
0.8091291291291292,0.0352086209729297,0.02925496478021945,0.027039199048653786,0.0814373278581256
0.8121221221221222,0.03544390302503469,0.029429705295067124,0.027183935221361328,0.08194729490618415
0.8151151151151153,0.035681408435312194,0.029600773492399448,0.027335175394831827,0.08245410794017718
0.8181081081081082,0.03592070759120851,0.02977434736720974,0.027482492774950195,0.08295782476644178
0.8211011011011011,0.03615770229363563,0.02994606444405069,0.027632382745813405,0.08327561294171489
0.8240940940940942,0.036392910498744484,0.030119418395009947,0.02777512611339914,0.08378820336334744
0.8270870870870872,0.036630578389178374,0.030289162256398137,0.027924672108055673,0.08429767692467581
0.8300800800800802,0.036870329681871,0.030461666535295,0.02807045110699641,0.08480408980076594
0.8330730730730731,0.037109885853326904,0.03063424770588097,0.02822077666610303,0.08521419570474716
0.8360660660660661,0.03734931503387379,0.03081010362310814,0.028365329510543248,0.08572206049873703
0.8390590590590592,0.03759059185736434,0.03098171364172069,0.028516270681704058,0.08622693409075449
0.8420520520520521,0.037833397364939195,0.03115559532729345,0.028662857062648116,0.08672886871874615
0.8450450450450451,0.038077421501436046,0.031330868597432275,0.02881535439291015,0.08722791511767138
0.8480380380380381,0.038316702265182384,0.031505335099488864,0.028957956668746464,0.08743758803545787
0.8510310310310312,0.038552220283233296,0.03167028349640879,0.029102132791574795,0.08795315261514962
0.8540240240240241,0.038790618097368994,0.031838655351987516,0.02924300624868424,0.0884657126147139
0.857017017017017,0.03903151815486401,0.0320095596330689,0.02939102221637605,0.08897531995960738
0.8600100100100101,0.03927447913056231,0.03218594013914993,0.029534990848393713,0.0894820250966632
0.8630030030030031,0.03951912215531866,0.032357734044027184,0.029685434567642263,0.08998587705237537
0.8659959959959961,0.03976128116788698,0.03252815671770106,0.029827808449033686,0.09029065266510992
0.868988988988989,0.040001472414384655,0.032697022430084606,0.029973506089506722,0.09080365951482586
0.8719819819819821,0.04024405269320516,0.03287171348009521,0.030115310855327246,0.09131378430378036
0.8749749749749751,0.04048868428255592,0.03304203579085795,0.030264023089165582,0.0918210750670576
0.877967967967968,0.04073499939771221,0.03321478367405667,0.030408194306438624,0.09232557852005654
0.880960960960961,0.04097684357618538,0.033383758981060434,0.03055365441752801,0.09252697824271836
0.883953953953954,0.041215126128987145,0.03355322655943731,0.03068992089819329,0.09304819285417938
0.8869469469469471,0.04145657258647292,0.033719142997090584,0.030834129912034304,0.09356650407132162
0.88993993993994,0.04170078691910783,0.033888439783846945,0.030978556220661084,0.09408195987982354
0.892932932932933,0.04194337032372178,0.03406032807412175,0.031116213370217905,0.0943915397745797
0.895925925925926,0.04218471397950404,0.03422472636346312,0.0312584104627744,0.09491631690259238
0.8989189189189191,0.04242916460613033,0.034392854575879574,0.031397247910334006,0.09543820853143999
0.901911911911912,0.04267629924087013,0.03456373976282561,0.031543914691226305,0.09595726174202711
0.9049049049049049,0.0429236930800138,0.034738860233404036,0.0316846211971028,0.09637017932586436
0.907897897897898,0.04317135304786687,0.034907690300061696,0.03183104111771547,0.09689111344594391
0.910890890890891,0.04342130188618436,0.035079498142641,0.03197314299352323,0.09740926170693572
0.913883883883884,0.04367319223328395,0.03525337551295682,0.03212244500839983,0.0979246683312525
0.9168768768768769,0.04392469758901957,0.035430997062500434,0.03226921728864764,0.0983320545978547
0.91986986986987,0.04417591027181973,0.03560170796332823,0.032410135212148056,0.09884946216324648
0.922862862862863,0.04442893410837904,0.03577496733772524,0.03255854400681911,0.09936417552866184
0.925855855855856,0.04468349154511215,0.03594993159225903,0.03270200780338778,0.09987623634788376
0.9288488488488489,0.0449352994990949,0.036126616413041185,0.032848921741983096,0.10017155335185365
0.9318418418418419,0.045184878741074505,0.03629450855354012,0.032987475569312565,0.10069310784907391
0.934834834834835,0.04543675598931548,0.03646535288010386,0.03313378952074839,0.10121197476428961
0.9378278278278279,0.045690634837397485,0.03663830701926371,0.033275304638603016,0.10172819522172385
0.9408208208208209,0.04594416527463855,0.03681523436952943,0.03342235201854919,0.10213299498438048
0.9438138138138139,0.046197433814945565,0.03698504573979993,0.03356255939250768,0.10265136457913768
0.946806806806807,0.04645256687231447,0.03715744990648727,0.03371022111867896,0.10316712962682734
0.9497997997997999,0.046703177096794085,0.0373261166228998,0.03384733746507409,0.10335110221678884
0.9527927927927928,0.046950123325053335,0.037495802844137206,0.033987189842238544,0.10388394216656198
0.9557857857857859,0.047200368949177264,0.03766137141594078,0.03412758982072004,0.10441406299299942
0.9587787787787789,0.047453538986824216,0.03783046515852168,0.03426452009739349,0.10494150590374861
0.9617717717717719,0.04770918966286736,0.03800208109600151,0.03440988749621232,0.10546631107603491
0.9647647647647648,0.047962812024717964,0.03817635000812953,0.03454686255974018,0.105765153613375
0.9677577577577579,0.04821482331021929,0.03834202135893635,0.03468861864222853,0.10629964998348754
0.9707507507507509,0.048469777148141865,0.038511199581916,0.034826037968493914,0.10683147220909724
0.9737437437437438,0.04872730954668033,0.038682981458019,0.03497182324499506,0.10736066003017242
0.9767367367367368,0.04898702498005425,0.038861280706496394,0.03511722916317922,0.10788725221204497
0.9797297297297298,0.049244422535483376,0.03903029510721971,0.035254506785746785,0.10818365469985196
0.9827227227227229,0.04949995004885412,0.03919854213689639,0.03539673034697008,0.10872000735101141
0.9857157157157158,0.04975822327133885,0.03936950239662091,0.03553440457839602,0.10925372695057656
0.9887087087087088,0.05001890866584776,0.03954727538795149,0.035680545258143403,0.10978485190033421
0.9917017017017018,0.0502816370234828,0.039719530045615715,0.03582139408023421,0.11031341967759631
0.9946946946946948,0.050546084716475884,0.039894279139683186,0.03597010572433932,0.11083946686606115
0.9976876876876878,0.050809882030504495,0.04006879733642232,0.03611113538977659,0.11124629042873006
1.0006806806806807,0.05107315019582192,0.04024763042676658,0.03625813787830738,0.11177474185931847
1.0036736736736738,0.05133811839917192,0.040420513987513486,0.03639935494962803,0.1123007065929739
1.0066666666666668,0.051604549608538317,0.04059567687180883,0.0365482878540094,0.11282421940720506
1.0096596596596596,0.051872198413248374,0.040772283926429766,0.03669096912996229,0.11334531427636994
1.0126526526526527,0.052140849976713755,0.04094993838887649,0.03684103108810796,0.11386402439740569
1.0156456456456457,0.052410316879137574,0.041133160525912364,0.0369844403844582,0.11438038221450797
1.0186386386386388,0.05267623542080039,0.04130560750953378,0.03713145867616169,0.11465410827287889
1.0216316316316318,0.05293917786374633,0.0414763156731951,0.03727365880847118,0.11518032716913551
1.0246246246246247,0.05320391690313386,0.04164888322008102,0.037410741426459476,0.11570415286293378
1.0276176176176177,0.053470251263620976,0.041827880919070026,0.03755620950797444,0.11622561771257321
1.0306106106106108,0.05373792854765587,0.042000351014657614,0.03769551566864499,0.11674475335367011
1.0336036036036036,0.05400672616933689,0.04217479198415519,0.037842680396731034,0.11726159072155432
1.0365965965965966,0.054276449047021676,0.04235041800825228,0.03798317711971915,0.11777616007278117
1.0395895895895897,0.05454692628170122,0.042526876235466915,0.03813122770670742,0.11828849100580088
1.0425825825825827,0.054818008199817116,0.042708966113790325,0.03827224460083888,0.11879861248082611
1.0455755755755758,0.05508956374576212,0.04288358597556547,0.03842061729952161,0.11930655283893486
1.0485685685685686,0.05536147818739143,0.04305948915899475,0.0385616761159264,0.11981233982044424
1.0515615615615617,0.0556336511000454,0.043235984040480985,0.03870996383446286,0.12031600058258944
1.0545545545545547,0.05590599459741447,0.04341279851505994,0.038850717209968674,0.12081756171653905
1.0575475475475475,0.056178431780481,0.04359494127320765,0.03899862327045395,0.12131704926377733
1.0605405405405406,0.05645089537862468,0.043769083400097365,0.039144318098151165,0.12181448873188212
1.0635335335335336,0.05672332655970058,0.043944169847970595,0.039283033965583046,0.12230990510972484
1.0665265265265267,0.05699567388844555,0.0441195564650325,0.03942920208134873,0.12280332288211895
1.0695195195195197,0.05726789241491615,0.0442950118529843,0.03956763715303978,0.12329476604394045
1.0725125125125126,0.057539942876795695,0.04447572199660695,0.03971334253251072,0.12378425811374424
1.0755055055055056,0.05781179100133619,0.0446480997872265,0.039851110026000315,0.12427182214689748
1.0784984984984987,0.058083406894428244,0.04482125342908131,0.03999610338624975,0.12475748074825085
1.0814914914914915,0.0583547645058277,0.044994564910287825,0.04013301970815478,0.12524125608436795
1.0844844844844845,0.05862584116093234,0.04516782459429456,0.04027715819760974,0.12572316989533114
1.0874774774774776,0.05889661715070482,0.04534637969403674,0.04041310980504697,0.1262032435061411
1.0904704704704706,0.059167075372396294,0.04551637165048759,0.040556301612846284,0.1266814978377285
1.0934634634634637,0.059437201014657194,0.0456870569876579,0.04069706157782145,0.1271579534175919
1.0964564564564565,0.059706981281438705,0.04585783323503584,0.040830295745383285,0.12763263039007902
1.0994494494494496,0.05997640514979535,0.04603409356217382,0.04097116168342402,0.12810554852632489
1.1024424424424426,0.060245463157327796,0.04620171207200234,0.0411038136283095,0.12857672723386082
1.1054354354354354,0.060514147215553225,0.04637004585551715,0.041243966660142205,0.12904618556590772
1.1084284284284285,0.060782450445951486,0.04653848890144273,0.04138176091335707,0.12951394223036666
1.1114214214214215,0.061050367035863265,0.046712551390489424,0.04151191516939511,0.12998001559851732
1.1144144144144146,0.061317892111772285,0.04687786713264193,0.041649908213153085,0.1304444237134377
1.1174074074074076,0.06158502162781211,0.04704390406109134,0.04178568104462808,0.1309071842981543
1.1204004004004005,0.06185175226761938,0.04721586549747961,0.04191380337215135,0.13136831476353414
1.1233933933933935,0.06211808135789138,0.04737910714443676,0.04204994376569373,0.13182783221592864
1.1263863863863866,0.06238400679221028,0.04754315400388629,0.04217770055955178,0.13228575346457794
1.1293793793793794,0.06264952696388107,0.047713288514463735,0.042313309397757515,0.1327420950287856
1.1323723723723724,0.06291673197378064,0.047876476646017664,0.04244835315865159,0.1333373917915302
1.1353653653653655,0.06318533472220622,0.04804210470714642,0.04257704248298509,0.13378434602769096
1.1383583583583585,0.06345295500935769,0.048207497737701124,0.04271343524295828,0.13422981201784448
1.1413513513513516,0.06371961803916434,0.048378471448227614,0.04284721878792797,0.13467380453018613
1.1443443443443444,0.06398537953993436,0.04854007210836466,0.042972726958628776,0.1351163380902683
1.1473373373373374,0.0642502900741067,0.04870209089975768,0.043106205032021463,0.13555742698654547
1.1503303303303305,0.06451853972305277,0.04887366603618507,0.043240648098380234,0.1362855362941904
1.1533233233233233,0.06478962500929908,0.04903914721839011,0.04336984020968763,0.13671168295790329
1.1563163163163164,0.0650588860300347,0.04921191306925979,0.0435063846904816,0.1371365053928728
1.1593093093093094,0.06532640086433174,0.04938788627307979,0.04363978853697326,0.13756001586782624
1.1623023023023025,0.0655923032854028,0.04955735191062234,0.04376421173585146,0.13798222646320712
1.1652952952952955,0.06585671424276028,0.04972238575234484,0.043896372646697934,0.13840314907519607
1.1682882882882883,0.06611974237433081,0.049883848748054696,0.044025726280593834,0.13882279541962164
1.1712812812812814,0.06638148536130628,0.050042317775263224,0.0441462852316512,0.13924117703576516
1.1742742742742744,0.06664203113227678,0.050198230291950065,0.04427494169674036,0.1396583052900631
1.1772672672672673,0.06690145892371151,0.05035193538049282,0.04440102794401952,0.14007419137971
1.1802602602602603,0.06715984021548607,0.050503719504238535,0.04452529207173494,0.1404888463361658
1.1832532532532534,0.06741929688869853,0.05065558580724275,0.044642780668991314,0.14105240712674763
1.1862462462462464,0.06767963568380082,0.050807546780561826,0.04477036916354726,0.141458883845265
1.1892392392392395,0.06793859450895307,0.05095780703837544,0.04489531167003858,0.1418641959101964
1.1922322322322323,0.06819623815048234,0.051106516443473915,0.04501128939061641,0.14226835327557913
1.1952252252252253,0.06845265547277828,0.05125383760240873,0.04513567229553129,0.14267136575446174
1.1982182182182184,0.06870792727747431,0.05139991302131041,0.04525755007706597,0.1430732430216838
1.2012112112112112,0.06896212671854249,0.05154486743076661,0.045377651599618395,0.14347399461658616
1.2042042042042043,0.06921532008510567,0.05168881024916329,0.045496257450672845,0.14387362994565267
1.2071971971971973,0.06946756750283005,0.051831837644402606,0.045606334459534055,0.14427215828508635
1.2101901901901904,0.06971892355806612,0.05197403426798399,0.045725480563523595,0.14466958878332176
1.2131831831831834,0.06996943785395422,0.05211547472533741,0.04584252488572335,0.1450659304634752
1.2161761761761762,0.07022120243844336,0.05225795620133526,0.04595978119125987,0.1456167512246634
1.2191691691691693,0.07047402339976472,0.05240136014011687,0.04607730816972004,0.14600543176531708
1.2221621621621623,0.07072564882012058,0.052543816797745696,0.04618600592718276,0.14639308034442
1.2251551551551552,0.07097612565121088,0.0526853718092155,0.04630381835459378,0.146779705138275
1.2281481481481482,0.07122552559548893,0.05282609614691805,0.046419408496809214,0.14716531421578288
1.2311411411411413,0.07147594946906666,0.05296776421031152,0.0465350785163492,0.14770817636793374
1.2341341341341343,0.07172723042441945,0.053110263349944384,0.0466509010787053,0.14808640348137758
1.2371271271271274,0.07197715298824328,0.05325175168434519,0.046765211705275714,0.1484636670238146
1.2401201201201202,0.07222577809175147,0.053392274996566014,0.04687048363494399,0.14883997432231316
1.2431131131131132,0.07247318953607362,0.05353190371457885,0.04698513945449003,0.14921533261155032
1.2461061061061063,0.07271946407306115,0.05367070188906506,0.04709761763845431,0.1495897490354347
1.249099099099099,0.07296467171123557,0.053808727359408975,0.047208570881455726,0.14996323064869294
1.2520920920920922,0.07320887635710693,0.05394603237259055,0.04731822969546438,0.15033578441842055
1.2550850850850852,0.07345213639460793,0.05408266414265473,0.04742673943706584,0.1507074172255983
1.2580780780780783,0.07369450520490076,0.054218665350202665,0.04753420988571164,0.15107813586657506
1.2610710710710713,0.07394206663900546,0.054359081663101765,0.04764553742709828,0.15193863668830035
1.2640640640640641,0.0741942317997504,0.054503475424805506,0.04775237235524725,0.15229218887949802
1.2670570570570572,0.07444434485882848,0.05464636057186413,0.04786838974232236,0.15264492218451975
1.2700500500500502,0.07469246869865041,0.05478776224711218,0.047981682105243374,0.15299684226717708
1.273043043043043,0.07493874162338238,0.05492778463785981,0.048092936339702,0.1533479547262918
1.276036036036036,0.07518725686842424,0.055069793957434846,0.04820556871261708,0.15403223989577042
1.2790290290290292,0.07543773021882916,0.05521358058980598,0.048319471542999044,0.15437193007373504
1.2820220220220222,0.0756858811184746,0.05535563163978667,0.04843131933839355,0.15471087441441245
1.2850150150150152,0.0759318210090428,0.05549601707580176,0.048532978856158954,0.15504907780910557
1.288008008008008,0.07617570378003638,0.055634852347288134,0.04864408212285193,0.15538654509588667
1.2910010010010011,0.07642353639097228,0.05577705047354155,0.048757211302417315,0.15623441586033612
1.2939939939939942,0.07667487856384218,0.05592228770573397,0.048872625834057104,0.1565562809366522
1.296986986986987,0.0769233808266153,0.05606538675789309,0.04898548416114009,0.15687748564472684
1.29997997997998,0.07716916887625955,0.05620642294190819,0.049095948361302294,0.15719803403257623
1.302972972972973,0.07741243292932659,0.0563455386358688,0.049214231164845065,0.1575179301070279
1.3059659659659661,0.07765334802379524,0.05648286528204182,0.04932828604468757,0.15783717783430506
1.3089589589589592,0.07789593457429779,0.05662166386555931,0.049440579101432444,0.1585039197786683
1.311951951951952,0.07813998174543475,0.05676178184192085,0.04955212817595161,0.15881284506708843
1.314944944944945,0.07838138377594255,0.05689989174625485,0.049660143596272174,0.15912117059462438
1.3179379379379381,0.07862027265262184,0.057036081218111025,0.04976499848172157,0.15942889984097636
1.320930930930931,0.07885681773682175,0.05717047698431047,0.049867037988589276,0.1597360362523266
1.323923923923924,0.07909309155314784,0.057304746084571596,0.04996805580125035,0.1602193268176732
1.326916916916917,0.07932906611353484,0.05743887071968485,0.05006818047293231,0.16052089327127625
1.32990990990991,0.07956277398993658,0.057571262228027976,0.050165990471315924,0.16082189424114038
1.3329029029029031,0.0797943395349016,0.05770200861064123,0.05026167178732478,0.16112233289649397
1.335895895895896,0.08002390073258066,0.057831213112975524,0.05035541249773922,0.16142221237707252
1.338888888888889,0.08025158505767468,0.057958971242357646,0.050447380678968715,0.16172153579350151
1.341881881881882,0.08047751012443495,0.05808537113464457,0.05053772680926294,0.16202030622767286
1.344874874874875,0.08071305188817582,0.05821953164687835,0.05063535722703797,0.16340673310781295
1.347867867867868,0.08095735237185225,0.05836083239722064,0.05073972642403667,0.16367946657832583
1.350860860860861,0.08119820534742428,0.05849953603645126,0.05084142458510759,0.16395174635777002
1.353853853853854,0.08143570500231825,0.058635684731594036,0.050940524128470534,0.16422357470278082
1.356846846846847,0.08167007170203416,0.0587694412823279,0.05103722147178279,0.164494953851348
1.35983983983984,0.08190150992260732,0.05890095741854452,0.05113169749753953,0.16476588602303077
1.362832832832833,0.08213570067239497,0.059034748466965395,0.051228364045053966,0.16559492959506772
1.365825825825826,0.08237598014697005,0.059173493253937455,0.05132985025769643,0.16622962230244906
1.3688188188188188,0.08261625286529296,0.059312377267303124,0.05143150726128689,0.16648005317329803
1.3718118118118119,0.08285275411031019,0.05944840240297275,0.05153044130660735,0.1667301078940256
1.374804804804805,0.08308568538615808,0.05958170942751203,0.051626805998601054,0.16697978815450296
1.377797797797798,0.08331527445241198,0.05971246651580168,0.05172078211509717,0.16722909563198612
1.380790790790791,0.08354173205028931,0.059840829578271776,0.05181253599095868,0.16747803199124725
1.3837837837837839,0.0837652529849003,0.05996694287687327,0.05190222033351735,0.16772659888470434
1.386776776776777,0.08398601754100474,0.06009094004551353,0.05198997552690147,0.16797479795254933
1.38976976976977,0.08420419275357074,0.06021294500928317,0.05207593079500553,0.16822263082287428
1.3927627627627628,0.08441993354635745,0.06033307280912426,0.05216020523365507,0.16847009911179586
1.3957557557557558,0.08463338375462134,0.06045143034336717,0.052242908729259414,0.16871720442357857
1.3987487487487489,0.08484467704583398,0.06056811703600561,0.05232414277869633,0.16896394835075576
1.401741741741742,0.08505393775037318,0.06068322544024643,0.0524040012229797,0.16921033247424974
1.404734734734735,0.08526128161253342,0.06079684178472121,0.05248257090539728,0.1694563583634896
1.4077277277277278,0.08546681647082677,0.06090904646875212,0.052559932263289054,0.16970202757652805
1.4107207207207209,0.08567064287538108,0.06101991451226952,0.05263615986133805,0.1699473416601565
1.413713713713714,0.0858728546492445,0.061129515965244054,0.052711322873174454,0.17019230215001863
1.4167067067067067,0.0860735393995556,0.061237916280904664,0.05278548551716167,0.1704369105707226
1.4196996996996998,0.08627992139747484,0.06135074440324883,0.05286410597832408,0.17146280186691637
1.4226926926926928,0.08649157194500308,0.061467700900988624,0.05294689662935799,0.1716925745936977
1.4256856856856859,0.08670086526335152,0.06158287186505482,0.053028122887915634,0.17192204023094732
1.428678678678679,0.08690785646654749,0.06169628617547272,0.05310780991941824,0.17215120000665257
1.4316716716716718,0.08711791524262882,0.06181210455004209,0.05318999249150288,0.17297697906426623
1.4346646646646648,0.08733080376629827,0.061930163502145585,0.05327451532187991,0.17319544190532082
1.4376576576576579,0.0875444360171669,0.06204885696609152,0.05335982205926419,0.1738162400429007
1.4406506506506507,0.0877586776480674,0.062168085338609,0.053445816502039285,0.17402765492166952
1.4436436436436437,0.08796997688979251,0.06228510664189086,0.053529842365140926,0.17423881327769686
1.4466366366366368,0.08817846200296241,0.06240000817699278,0.05361198444314848,0.17444971604248752
1.4496296296296298,0.08838428828530578,0.06251290183306428,0.05369235273225601,0.17466036414192243
1.4526226226226229,0.0885893100698349,0.06262520835606986,0.05377232527243096,0.17507441586094724
1.4556156156156157,0.08879355305473532,0.06273694934018154,0.05385192425343741,0.17528138909186186
1.4586086086086087,0.08899531245352461,0.06284681385117577,0.05392987936056718,0.17548811821571697
1.4616016016016018,0.08919470332364238,0.06295488267828435,0.054006268226121326,0.17569460409419024
1.4645945945945946,0.08939185069956837,0.06306124609499691,0.05408117816396744,0.17590084758390176
1.4675875875875877,0.08959194455305008,0.06316987270614248,0.05415845431222089,0.17672599691455546
1.4705805805805807,0.08979477902132849,0.06328062381885072,0.054237963631495745,0.1769225482374462
1.4735735735735738,0.08999503100631186,0.06338944168534218,0.05431577375715366,0.1771188814446937
1.4765665665665668,0.0901927845835347,0.06349638027558238,0.05439193482396768,0.17731499726082806
1.4795595595595596,0.09038816896103317,0.0636015320187755,0.054466536233991066,0.17751089640637688
1.4825525525525527,0.09058130579030528,0.06370498414299669,0.05453966209943636,0.1777065795978963
1.4855455455455457,0.09077230923625722,0.06380681861333753,0.054611391123510475,0.1779020475480017
1.4885385385385386,0.0909679173750421,0.06391214969455394,0.05468667704502471,0.17894010076454323
1.4915315315315316,0.09116783874572486,0.06402078122708565,0.054765331538992865,0.17912349378321565
1.4945245245245247,0.09136509512103545,0.06412743651880146,0.05484224241638552,0.17930669922952272
1.4975175175175177,0.0915597569434104,0.06423215812479605,0.05491744847487879,0.17948971767783065
1.5005105105105108,0.09175195437632462,0.0643350381561191,0.054991038801573175,0.17967254969958035
1.5035035035035036,0.09194181028594321,0.06443616378389963,0.0550630974739736,0.1798551958633083
1.5064964964964966,0.09213270070536633,0.06453807751262866,0.055136086820603405,0.18046639658607408
1.5094894894894897,0.09232454991105675,0.06464073130677876,0.055209960911919466,0.18064310731457447
1.5124824824824825,0.09251399063414087,0.06474159338794312,0.05528226684567483,0.18081964534797537
1.5154754754754756,0.09270272572010996,0.06484193740153309,0.05535423674614573,0.1812122170474209
1.5184684684684686,0.09289077771855091,0.06494178192630476,0.05542588857496508,0.18138569071318125
1.5214614614614617,0.09307653416819606,0.06503991620593852,0.055496048948920816,0.18155899863062175
1.5244544544544547,0.09326008955258126,0.06513640546050617,0.055564779708750615,0.18173214127393747
1.5274474474474475,0.09344154796922588,0.06523132320614161,0.05563215100429963,0.18190511911506674
1.5304404404404406,0.09362738077443696,0.06532950567120266,0.05570284607777785,0.18295507342818593
1.5334334334334336,0.09381734054858377,0.06543078972439446,0.0557767087847864,0.18311724280765343
1.5364264264264265,0.09400475319923957,0.06553020595102928,0.05584892631259051,0.18327926869627487
1.5394194194194195,0.09418968014257689,0.06562779159985699,0.05591953274013804,0.18344115147426854
1.5424124124124126,0.09437223740999916,0.06572362745679931,0.05598860571877965,0.18360289152017664
1.5454054054054056,0.09455253496429156,0.06581779026751527,0.05605621882064071,0.18376448921087543
1.5483983983983987,0.09473842414100164,0.06591610910016202,0.05612801739474265,0.18504700311895997
1.5513913913913915,0.09492961009574494,0.06601839060543714,0.056203817543202264,0.18519604189696576
1.5543843843843845,0.09511798485830728,0.06611863731041462,0.0562778118879759,0.185344960830601
1.5573773773773776,0.09530360907122855,0.06621688465047293,0.05635003315248849,0.18549376020850764
1.5603703703703704,0.09548964099186782,0.06631546246169556,0.056422738106173057,0.18609829646252438
1.5633633633633635,0.09567605224251394,0.06641435512473892,0.0564959130823559,0.18624218845512847
1.5663563563563565,0.09585975164228261,0.06651128213901847,0.05656734957884089,0.1863859693615846
1.5693493493493496,0.09604083502742869,0.06660630710308835,0.0566371082214465,0.18652963943877526
1.5723423423423426,0.09621941935967276,0.06669951041604907,0.05670526612890732,0.18667319894259454
1.5753353353353354,0.09640157436540464,0.06679535268011426,0.05677614428083925,0.18774241856808996
1.5783283283283285,0.09658712578127462,0.06689372245906083,0.05684963777511997,0.18787682477969195
1.5813213213213215,0.09676988781600479,0.06699008691251107,0.056921356974440666,0.18801113490642585
1.5843143143143144,0.09694993229848486,0.06708449098399975,0.05699134415598648,0.18814534915406608
1.5873073073073074,0.0971273779329742,0.06717701561247488,0.05705967686468578,0.18827946772765378
1.5903003003003005,0.0973023374203452,0.06726773781421874,0.057126428665980646,0.18841349083150016
1.5932932932932935,0.09747638822586409,0.06735780572710011,0.05719271098826216,0.18878209100428783
1.5962862862862865,0.09764956553839411,0.06744724558087488,0.05725854891679765,0.18891377476977853
1.5992792792792794,0.0978204171228666,0.06753499708479868,0.05732291433723876,0.1890453668080284
1.6022722722722724,0.09798902811174094,0.06762111774738035,0.057385861365478234,0.18917686731045472
1.6052652652652655,0.0981554914807739,0.06770567130047149,0.057447450089746485,0.18930827646781
1.6082582582582583,0.09832281637601904,0.06779084188760652,0.057509795686537475,0.18991330888635835
1.6112512512512513,0.09849095999292885,0.06787660486433311,0.05757287465537264,0.19004033983385832
1.6142442442442444,0.098656932411532,0.06796079421748129,0.057634587902961644,0.19016728592523835
1.6172372372372374,0.0988207977286798,0.06804345234439022,0.05769497476792721,0.19029414733032218
1.6202302302302305,0.09898264064737025,0.06812463708188173,0.05775408948488807,0.19042092421836776
1.6232232232232233,0.09914254189088491,0.06820440364826166,0.05781198369204839,0.1905476167580701
1.6262162162162164,0.09930489793261722,0.0682859247496738,0.0578717308966657,0.1913945772520476
1.6292092092092094,0.09946960178884295,0.06836913439530093,0.05793326859824619,0.19151504448284742
1.6322022022022022,0.09963361156716269,0.0684518464365707,0.05799447925179367,0.19187772463339517
1.6351951951951953,0.0997969177248105,0.06853405461306172,0.058055356376046044,0.19199607923578824
1.6381881881881883,0.09995952361353132,0.06861576069125581,0.058115901147460826,0.19235789478791748
1.6411811811811814,0.10012144346252815,0.06869697561163697,0.05817612368103489,0.19247417184241505
1.6441741741741744,0.10028127631177637,0.06877669342739584,0.05823504813599993,0.19259037869428342
1.6471671671671673,0.10043909159006362,0.06885496035201005,0.058292717603428856,0.19270651547052445
1.6501601601601603,0.10059915288691308,0.06893482613825337,0.05835208727323862,0.1935606982734137
1.6531531531531534,0.1007613698707659,0.06901623590534978,0.05841310570367489,0.19367107251747506
1.6561461461461462,0.10092143083286749,0.06909611417122229,0.058472792811290385,0.19378138389444602
1.6591391391391392,0.10107938522288866,0.06917449243514188,0.05853117774773669,0.1938916325116281
1.6621321321321323,0.10123669144743727,0.0692524068760762,0.05858926353216969,0.19425035787673975
1.6651251251251253,0.10139337297306361,0.06932987495980156,0.05864706647436305,0.1943586631349252
1.6681181181181184,0.1015480604116217,0.06940592200840418,0.05870364076653611,0.19446690807422526
1.6711111111111112,0.10170081703202392,0.0694805898422446,0.05875902520731543,0.19457509279530882
1.6741041041041043,0.1018517136771269,0.06955392579354919,0.058813263734033075,0.19468321739856492
1.6770970970970973,0.10200355524061724,0.06962791621367867,0.05886828099177189,0.1952927031358707
1.6800900900900901,0.1021563053476966,0.06970254070700414,0.058924057707281555,0.19539715734878693
1.6830830830830832,0.10230716744336686,0.06977582320514943,0.0589786779568783,0.19550155575303713
1.6860760760760762,0.10245618887152569,0.06984779452405017,0.059032170054786344,0.19560589843797957
1.6890690690690693,0.10260479232041349,0.06991945650601049,0.059085503866364825,0.19596292510255667
1.6920620620620623,0.1027529918313186,0.06999082038502297,0.059138689550416866,0.19606542240515654
1.6950550550550552,0.1028994317713498,0.07006093125313416,0.059190800160861305,0.19616786615313594
1.6980480480480482,0.10304416382220008,0.07012982319421097,0.05924186697239151,0.1962702564303539
1.7010410410410413,0.10318724740240885,0.07019753572769616,0.05929192629173943,0.19637259332045065
1.704034034034034,0.10332873946187701,0.07026410679427554,0.05934101288949201,0.19647487690684862
1.7070270270270271,0.10347404115999163,0.07033332353566714,0.05939279924202477,0.19760136143166934
1.7100200200200202,0.1036230192857876,0.07040510532726132,0.05944721027509273,0.19769686434046027
1.7130130130130132,0.10377015324421837,0.07047559562753286,0.05950050798862521,0.19779232113621473
1.7160060060060063,0.10391546770914137,0.07054480956921592,0.059552706153806666,0.19788773188566447
1.718998998998999,0.1040590247514044,0.07061278771524467,0.05960384215883003,0.19798309665538055
1.7219919919919922,0.10420088407878382,0.07067956915459904,0.05965395195703647,0.1980784155117738
1.7249849849849852,0.1043411028887403,0.07074519139895268,0.05970306995845495,0.19817368852109515
1.727977977977978,0.10448494572753178,0.07081331768408361,0.059754749571499524,0.19931318484528532
1.730970970970971,0.10463229330199807,0.07088387653560595,0.05980892475421824,0.19940208543243945
1.7339639639639641,0.10477777682883949,0.07095314513757685,0.05986198635315177,0.19949094640218862
1.7369569569569572,0.10492142189417014,0.07102113917376827,0.0599139488087084,0.19957976780745063
1.7399499499499502,0.10506328953499448,0.07108789802987299,0.05996484836599083,0.19966854970102557
1.742942942942943,0.1052034384995051,0.07115345968368793,0.06001471989691536,0.19975729213559618
1.745935935935936,0.10534192511437737,0.07121786061466574,0.0600635968077944,0.19984599516372833
1.7489289289289291,0.10547880340829145,0.07128113587736226,0.060111511116138036,0.19993465883787115
1.751921921921922,0.1056179500898269,0.07134595935879658,0.06016105708503197,0.20082043705102706
1.754914914914915,0.1057592952184156,0.07141229031165516,0.06021219720516371,0.2009045605136629
1.757907907907908,0.10589891482814727,0.071477430487013,0.060262314257342936,0.2009886487665673
1.7609009009009011,0.10603683803425397,0.07154139822977652,0.06031142503959564,0.2010727018539142
1.7638938938938942,0.10617562646726939,0.07160595172332085,0.06036123507928165,0.20169446996963128
1.766886886886887,0.10631525599657343,0.07167107813747045,0.06041173263651058,0.20177558996658781
1.76987987987988,0.10645317495455914,0.07173502940008701,0.060461221141977536,0.20185667736391255
1.772872872872873,0.10658942034935094,0.07179782896327104,0.06050972203369278,0.20193773220087613
1.775865865865866,0.10672404455727647,0.07185951028958644,0.06055726576947672,0.20201875451667073
1.778858858858859,0.10685709800907427,0.07192010565533827,0.06060388166012718,0.2020997443504097
1.781851851851852,0.10698987387274238,0.07198049613965125,0.060650423671171676,0.20245187956699648
1.784844844844845,0.10712238217745289,0.07204068959584645,0.060696898777977536,0.20253140769000652
1.7878378378378381,0.10725337783693993,0.07209983782147945,0.06074248252848473,0.20261090459691855
1.790830830830831,0.10738289849422125,0.07215796493868978,0.06078719670990954,0.2026903703244622
1.793823823823824,0.10751098855579903,0.07221509942278455,0.060831066975146196,0.20276980490929516
1.796816816816817,0.10763769081747314,0.0722712687622113,0.06087411803533537,0.20284920838800335
1.7998098098098099,0.1077679467709743,0.07232982441062402,0.060919604955633234,0.20402706175946184
1.802802802802803,0.10790165722894325,0.07239070872967383,0.060967475272827386,0.20410103021085133
1.805795795795796,0.10803378756594313,0.07245051919905707,0.06101442693891044,0.2041749718649728
1.808788788788789,0.10816435304444699,0.07250926544004432,0.06106046883740258,0.20424888675092953
1.811781781781782,0.10829579867886592,0.07256859722788912,0.06110720266774744,0.20487965061765778
1.814774774774775,0.10842810342210006,0.07262850358689085,0.06115461851991379,0.2049509467978678
1.817767767767768,0.10855882921217999,0.07268734259220348,0.06120112157750733,0.20502221818493557
1.820760760760761,0.10868800706029634,0.07274513369463668,0.06124672949722856,0.20509346480470858
1.8237537537537538,0.10881921867927143,0.0728042843400623,0.061293781151574835,0.20600989608439477
1.8267467467467469,0.10895241345245603,0.07286476604874548,0.06134225100715299,0.20607739189059457
1.82973973973974,0.10908397804218949,0.07292415656528321,0.061389786690787415,0.20614486559736642
1.832732732732733,0.10921393745837008,0.07298247144449044,0.061436402457919814,0.20621231722640346
1.835725725725726,0.1093423379362328,0.07303973937231319,0.06148212411256528,0.20627974679936326
1.8387187187187188,0.10946922414945455,0.07309598811354533,0.061526976575720774,0.20634715433786815
1.8417117117117119,0.1095969603516098,0.07315279603745821,0.06157249323486933,0.2069850467470416
1.844704704704705,0.10972552858971288,0.0732101540395363,0.061618665978978415,0.20705003883140313
1.8476976976976978,0.10985257236762078,0.07326649189478293,0.06166396858204467,0.20711501052143974
1.8506906906906908,0.10997812019058664,0.07332182740140829,0.06170841711872733,0.2071799618363384
1.8536836836836839,0.11010221377632516,0.07337618641939718,0.061752034671115424,0.20724489279525607
1.856676676676677,0.11022831754267325,0.0734318705844744,0.061797059087587855,0.20817597120336942
1.85966966966967,0.11035638562338008,0.07348885450190765,0.061843467812633675,0.20823744218480064
1.8626626626626628,0.11048292346894424,0.07354482281420834,0.06188901059326434,0.20829889502556248
1.8656556556556558,0.11060795250749093,0.07359978893113726,0.06193369966227296,0.20836032974170587
1.8686486486486489,0.11073264027306685,0.07365452385111505,0.0619782834813505,0.20871326294178616
1.8716416416416417,0.11085699961724313,0.0737090363817392,0.06202276993022622,0.20877355739293899
1.8746346346346348,0.11097990817172888,0.07376258483072246,0.06206643657317177,0.2088338344358941
1.8776276276276278,0.11110139833280891,0.07381518922558401,0.06210930125648385,0.208894094085721
1.8806206206206209,0.11122150806927754,0.07386687292946496,0.06215138465418392,0.2089543363574675
1.883613613613614,0.11134027409197139,0.07391765857167637,0.0621927067497965,0.20901456126615986
1.8866066066066067,0.11145773186938643,0.07396756805696962,0.06223328684734184,0.2090747688268025
1.8895995995995998,0.11157615212732432,0.07401809226920358,0.062274575106875986,0.20972291078751526
1.8925925925925928,0.11169551602858932,0.07406922170430498,0.062316563071885746,0.2097809301927253
1.8955855855855857,0.11181355257488297,0.07411946888600446,0.06235780333528411,0.20983893355586347
1.8985785785785787,0.11193028314540306,0.07416884730248896,0.06239830792627866,0.2098969208902291
1.9015715715715718,0.1120457413941795,0.07421737763521014,0.062438094992739133,0.2099548922091031
1.9045645645645648,0.11216216725468867,0.07426652282300772,0.062478588043851535,0.21060666088353913
1.9075575575575578,0.11227954250267931,0.0743162737135733,0.06251977897433014,0.21066251510001138
1.9105505505505507,0.11239562629724269,0.07436517031583968,0.06256024662740328,0.21071835451144494
1.9135435435435437,0.11251043875467422,0.07441322531056019,0.0626000022847717,0.21077417912960653
1.9165365365365368,0.11262401194618173,0.07446045830023344,0.0626390630770672,0.21082998896624722
1.9195295295295296,0.11273963056433527,0.07450900387832196,0.06267950781377872,0.21178731691227662
1.9225225225225226,0.11285725369798075,0.07455883993913243,0.06272131714198251,0.2118400926346372
1.9255155155155157,0.11297356492834887,0.07460781755855131,0.06276239947250567,0.21189285521225648
1.9285085085085087,0.11308857867184682,0.07465594601281823,0.06280276321170356,0.2119456046549512
1.9315015015015018,0.11320232716250035,0.07470324477599387,0.06284242534565082,0.21199834097252618
1.9344944944944946,0.11331697317699589,0.07475111139788745,0.06288274678466757,0.21265936961190948
1.9374874874874877,0.11343250202233233,0.07479953869287269,0.06292372129657989,0.2127101560185888
1.9404804804804807,0.11354675291738556,0.07484713341736345,0.06296399160136444,0.2127609303024642
1.9434734734734735,0.11366079988382076,0.07489458759605117,0.06300423166676201,0.21311805269052841
1.9464664664664666,0.11377465171535173,0.07494190729665445,0.06304444679193404,0.21316786406038804
1.9494594594594596,0.11388830215832789,0.07498908848816895,0.06308463287196493,0.2135255068110688
1.9524524524524527,0.11400175419965748,0.07503613393910347,0.06312479244708748,0.21357437137227195
1.9554454454454457,0.11411396200986625,0.07508237218258114,0.06316427011364893,0.21362322475610762
1.9584384384384386,0.11422494970997948,0.07512781787369208,0.06320307865966662,0.21367206697024255
1.9614314314314316,0.11433682007668605,0.0751738169841858,0.06324252978496606,0.21434120870078538
1.9644244244244247,0.11444955995638496,0.07522036319213814,0.06328261808191911,0.21438822654505996
1.9674174174174175,0.11456106854032239,0.07526611466744794,0.0633220353399511,0.21443523408003237
1.9704104104104105,0.11467136371108298,0.0753110825099003,0.06336079135032624,0.21448223131248098
1.9734034034034036,0.1147804739300412,0.07535528367714281,0.06339890072152891,0.21452921824917676
1.9763963963963966,0.1148884268533801,0.07539873467213505,0.06343637764582402,0.21457619489688326
1.9793893893893897,0.11499524930447613,0.07544145153141138,0.06347323589085437,0.21462316126235664
1.9823823823823825,0.11510096730593912,0.0754834498419969,0.06350948881621697,0.21467011735234567
1.9853753753753756,0.11520765636870149,0.07552604726778057,0.06354642152409413,0.21534395204088805
1.9883683683683686,0.1153153017387584,0.07556923664887277,0.06358402785976124,0.21538914515743535
1.9913613613613614,0.11542182512326879,0.07561170184560244,0.0636210238701681,0.21543432879351704
1.9943543543543545,0.1155272411682273,0.07565345212229603,0.06365741768335335,0.21547950295509705
1.9973473473473475,0.11563157482081153,0.07569450233730753,0.06369322198417567,0.2155246676481329
2.0003403403403404,0.1157348503588212,0.07573486696992628,0.06372844911485656,0.21556982287857596
2.0033333333333334,0.11583709136006005,0.07577456010765414,0.0637631110655405,0.21561496865237137
2.0063263263263265,0.11593832072804462,0.07581359545977627,0.06379721948741,0.21566010497545796
2.0093193193193195,0.11603856071680424,0.07585198637045656,0.06383078570529178,0.21570523185376847
2.012312312312312,0.11613783295454884,0.07588974583126416,0.06386382072967893,0.21575034929322934
2.015305305305305,0.11623615846625349,0.07592688649316456,0.06389633526819904,0.2157954572997609
2.018298298298298,0.11633355769522727,0.07596342067799833,0.06392833973656104,0.21584055587927725
2.0212912912912913,0.116430050523718,0.07599936038947552,0.06395984426900853,0.21588564503768626
2.0242842842842843,0.11652565629260772,0.07603471732372562,0.06399085872830497,0.2159307247808897
2.0272772772772774,0.1166203938202391,0.07606950287937202,0.06402139271527611,0.21597579511478318
2.0302702702702704,0.116714281420432,0.07610372816724385,0.06405145557793486,0.21602085604525612
2.0332632632632635,0.116807336919719,0.07613740401965716,0.06408105642020719,0.21606590757819183
2.036256256256256,0.1168995776738488,0.0761705409993335,0.06411020411028323,0.21611094971946748
2.039249249249249,0.11699102058359176,0.07620314940796236,0.06413890728861069,0.21615598247495413
2.042242242242242,0.11708168210988197,0.07623523929442298,0.06416717437554653,0.2162010058505167
2.045235235235235,0.11717157828833445,0.07626682046268345,0.06419501357870099,0.21624601985201394
2.0482282282282283,0.11726072474316261,0.07629790247939218,0.06422243289994345,0.2162910244852987
2.0512212212212213,0.11734913670052809,0.07632849468117509,0.06424944014216048,0.21633601975621752
2.0542142142142144,0.11743682900135011,0.07635860618165549,0.06427604291570714,0.21638100567061103
2.057207207207207,0.1175238161136055,0.07638824587820371,0.06430224864460625,0.2164259822343137
2.0602002002002,0.11761011214413321,0.0764174224584357,0.06432806457249832,0.21647094945315395
2.063193193193193,0.1176957308499824,0.07644614440646628,0.06435349776835206,0.21651590733295417
2.066186186186186,0.1177806856493074,0.07647442000893148,0.06437855513194941,0.2165608558795307
2.069179179179179,0.11786498963184756,0.07650225736078878,0.0644032433991551,0.21660579509869385
2.072172172172172,0.11794865556900078,0.07652966437090651,0.06442756914698008,0.21665072499624782
2.0751651651651652,0.11803169592351485,0.07655664876744862,0.06445153879844921,0.21669564557799095
2.0781581581581583,0.1181141228588139,0.07658321810306849,0.06447515862728304,0.21674055684971544
2.0811511511511513,0.118195948247964,0.07660937975991622,0.06449843476240048,0.2167854588172076
2.084144144144144,0.11827718368232434,0.07663514095446725,0.06452137319225183,0.21683035148624757
2.087137137137137,0.11835784047986254,0.07666050874218466,0.06454397976898897,0.21687523486260973
2.09013013013013,0.11843792969317175,0.07668549002201547,0.0645662602124812,0.21692010895206235
2.093123123123123,0.11851746211719946,0.07671009154073384,0.06458822011418222,0.21696497376036775
2.096116116116116,0.118596448296687,0.07673431989713286,0.06460986494085616,0.2170098292932823
2.099109109109109,0.11867489853335575,0.07675818154607456,0.06463120003816741,0.21705467555655647
2.1021021021021022,0.11875282289283438,0.07678168280240712,0.06465223063414183,0.21709951255593474
2.105095095095095,0.11883023121132878,0.07680482984473966,0.06467296184250389,0.21714434029715565
2.108088088088088,0.1189071331020814,0.07682762871909733,0.06469339866589409,0.21718915878595182
2.111081081081081,0.11898353796158968,0.07685008534246218,0.06471354599897507,0.21723396802805003
2.114074074074074,0.11905945497561074,0.07687220550618556,0.06473340863142725,0.2172787680291711
2.117067067067067,0.11913489312497574,0.07689399487929521,0.0647529912508402,0.21732355879502988
2.12006006006006,0.11920986119118496,0.07691545901169393,0.06477229844550679,0.21736834033133545
2.123053053053053,0.11928436776183125,0.07693660333725559,0.06479133470711776,0.21741311264379096
2.126046046046046,0.11935842123583151,0.07695743317682167,0.06481010443336847,0.21745787573809372
2.1290390390390392,0.1194320298284942,0.07697795374110256,0.06482861193047482,0.21750262961993508
2.132032032032032,0.11950520157640952,0.07699817013348698,0.06484686141560654,0.2175473742950007
2.135025025025025,0.11957794434218438,0.07701808735276366,0.06486485701923846,0.21759210976897025
2.138018018018018,0.11965026581902273,0.07703771029575926,0.06488260278742512,0.21763683604751763
2.141011011011011,0.11972217353516071,0.07705704375989172,0.06490010268399929,0.21768155313631088
2.144004004004004,0.11979367485814975,0.07707609244564793,0.06491736059270051,0.21772626104101223
2.146996996996997,0.11986477699901615,0.0770948609589854,0.06493438031923336,0.21777095976727812
2.14998998998999,0.11993548701627929,0.07711335381365869,0.06495116559326007,0.21781564932075914
2.1529829829829827,0.12000581181984768,0.0771315754334784,0.06496772007032993,0.21786032970710018
2.155975975975976,0.12007575817479142,0.07714953015450174,0.06498404733374638,0.2179050009319402
2.158968968968969,0.12014533270499855,0.07716722222715615,0.06500015089637727,0.2179496630009125
2.161961961961962,0.12021454189672033,0.07718465581830254,0.06501603420240247,0.21799431591964455
2.164954954954955,0.1202833921020023,0.07720183501323635,0.0650317006290288,0.21803895969375808
2.167947947947948,0.12035188954201782,0.07721876381763061,0.06504715348810379,0.21808359432886906
2.170940940940941,0.12042004031029632,0.07723544615941919,0.06506239602774164,0.2181282198305877
2.173933933933934,0.12048785037585576,0.077251885890645,0.06507743143385628,0.2181728362045185
2.176926926926927,0.1205553255862417,0.0772680867892069,0.06509226283165574,0.21821744345626023
2.1799199199199197,0.12062247167047635,0.07728405256062099,0.06510689328711244,0.2182620415914059
2.182912912912913,0.12068929424191938,0.07729978683968397,0.06512132580835905,0.21830663061554284
2.185905905905906,0.12075579880104696,0.07731529319210875,0.06513556334706486,0.2183512105342527
2.188898898898899,0.12082199073814737,0.07733057511611068,0.06514960879976318,0.2183957813531113
2.191891891891892,0.12088787533594338,0.07734563604395034,0.06516346500914136,0.218440343077689
2.194884884884885,0.12095345777212903,0.07736047934343293,0.0651771347652929,0.21848489571355026
2.197877877877878,0.12101874312184702,0.07737510831936642,0.06519062080693339,0.218529439266254
2.2008708708708706,0.1210837363600866,0.07738952621497999,0.06520392582258136,0.21857397374135343
2.2038638638638637,0.12114844236401516,0.07740373621330358,0.06521705245170635,0.21861849914439613
2.2068568568568567,0.12121286591524709,0.0774177414385106,0.0652300032858421,0.21866301548092398
2.20984984984985,0.12127701170204659,0.07743154495722326,0.06524278086967117,0.21870752275647326
2.212842842842843,0.12134088432147042,0.0774451497797853,0.06525538770207696,0.2187520209765746
2.215835835835836,0.12140448828145115,0.0774585588614969,0.0652678262371669,0.21879651014675303
2.218828828828829,0.12146782800282337,0.07747177510382197,0.06528009888526827,0.21884099027252793
2.221821821821822,0.12153090782129453,0.07748480135555853,0.0652922080138951,0.2188854613594131
2.224814814814815,0.12159373198936214,0.07749764041398259,0.06530415594868917,0.21892992341291675
2.2278078078078076,0.12165630467817935,0.07751029502595866,0.06531594497433646,0.21897437643854148
2.2308008008008007,0.12171862997937036,0.07752276788902474,0.06532757733545608,0.21901882044178425
2.2337937937937937,0.12178071190679741,0.07753506165244672,0.06533905523746902,0.21906325542813654
2.2367867867867868,0.12184255439828062,0.07754717891824668,0.06535038084743963,0.21910768140308423
2.23977977977978,0.12190416131727273,0.07755912224220625,0.06536155629489823,0.2191520983721076
2.242772772772773,0.12196553645448961,0.07757089413484176,0.06537258367263941,0.21919650634068144
2.245765765765766,0.1220266835294978,0.0775824970623568,0.06538346503750082,0.21924090531427495
2.2487587587587585,0.1220876061922632,0.07759393344757022,0.06539420241112101,0.21928529529835175
2.2517517517517516,0.12214830802465367,0.07760520567082087,0.06540479778067763,0.21932967629837008
2.2547447447447446,0.12220879254191093,0.07761631607084968,0.06541525309960676,0.2193740483197825
2.2577377377377377,0.12226906319407893,0.07762726694566063,0.06542557028830283,0.21941841136803616
2.2607307307307307,0.12232912336739818,0.07763806055335912,0.06543575123480337,0.2194627654485726
2.2637237237237238,0.12238897638566415,0.07764869911297073,0.0654457977954493,0.219507110566828
2.266716716716717,0.12244862551155158,0.07765918480524067,0.06545571179554223,0.21955144672823299
2.26970970970971,0.12250807394790665,0.07766951977340737,0.06546549502996782,0.21959577393821267
2.272702702702703,0.12256732483900347,0.07767970612398493,0.06547514926381749,0.2196400922021867
2.2756956956956955,0.12262638127177419,0.0776897459274626,0.06548467623298525,0.21968440152556926
2.2786886886886886,0.12268524627700501,0.07769964121907118,0.0654940776447653,0.2197287019137691
2.2816816816816816,0.12274392283050378,0.07770939399946933,0.06550335517840235,0.21977299337218953
2.2846746746746747,0.1228024138542415,0.07771900623543729,0.06551251048566939,0.21981727590622838
2.2876676676676677,0.1228607222174596,0.07772847986055098,0.06552154519140865,0.21986154952127804
2.2906606606606608,0.12291885073775777,0.07773781677584078,0.06553046089404736,0.21990581422272548
2.293653653653654,0.12297680218215028,0.07774701885043313,0.06553925916614109,0.21995007001595232
2.2966466466466464,0.12303457926810768,0.07775608792217847,0.06554794155484987,0.21999431690633464
2.2996396396396395,0.12309218466454476,0.0777650257982647,0.06555650958246827,0.2200385548992432
2.3026326326326325,0.123149620992827,0.07777383425581576,0.06556496474686561,0.22008278400004333
2.3056256256256256,0.12320689082771825,0.07778251504247692,0.06557330852199109,0.220127004214095
2.3086186186186186,0.12326399669832389,0.07779106987698627,0.06558154235831684,0.22017121554675273
2.3116116116116117,0.12332094108900472,0.0777995004497297,0.06558966768328767,0.22021541800336578
2.3146046046046047,0.1233777264402752,0.07780780842330622,0.06559768590177319,0.22025961158927798
2.3175975975975978,0.12343435514967363,0.07781599543302324,0.06560559839646836,0.22030379630982774
2.320590590590591,0.123490829572617,0.07782406308745733,0.06561340652833951,0.22034797217034818
2.3235835835835834,0.12354715202323675,0.07783201296893998,0.06562111163701956,0.22039213917616707
2.3265765765765765,0.12360332477519145,0.07783984663407012,0.0656287150412104,0.22043629733260686
2.3295695695695695,0.12365935006246445,0.07784756561419211,0.06563621803907299,0.22048044664498467
2.3325625625625626,0.12371523008014114,0.07785517141587653,0.06564362190860919,0.22052458711861225
2.3355555555555556,0.12377096698517015,0.07786266552138525,0.0656509279080315,0.22056871875879605
2.3385485485485487,0.12382656289710572,0.07787004938912853,0.06565813727614526,0.22061284157083724
2.3415415415415417,0.12388201989883489,0.07787732445410978,0.0656652512326701,0.22065695556003168
2.3445345345345343,0.12393734003728774,0.07788449212836242,0.06567227097862341,0.22070106073166992
2.3475275275275274,0.12399252532413087,0.07789155380137648,0.06567919769664489,0.2207451570910373
2.3505205205205204,0.1240475777364482,0.0778985108405155,0.06568603255133261,0.2207892446434137
2.3535135135135135,0.12410249921740305,0.07790536459142636,0.06569277668956974,0.22083332339407397
2.3565065065065065,0.1241572916768884,0.07791211637843787,0.06569943124084372,0.22087739334828754
2.3594994994994996,0.12421195699216171,0.07791876750495236,0.06570599731755886,0.22092145451131856
2.3624924924924926,0.12426649700846602,0.07792531925382892,0.06571247601533962,0.22096550688842606
2.3654854854854857,0.12432091353963774,0.07793177288775761,0.0657188684133348,0.2210095504848637
2.3684784784784787,0.12437520836869971,0.0779381296496267,0.06572517557450548,0.22105358530588007
2.3714714714714713,0.12442938324844774,0.07794439076288172,0.06573139854590938,0.22109761135671832
2.3744644644644644,0.1244834399020106,0.07795055743187661,0.06573753835899121,0.22114162864261655
2.3774574574574574,0.12453738002341505,0.07795663084221895,0.0657435960298461,0.22118563716880757
2.3804504504504505,0.12459120527812631,0.07796261216110559,0.0657495725594941,0.22122963694051903
2.3834434434434435,0.12464491730358473,0.07796850253765412,0.06575546893414169,0.22127362796297334
2.3864364364364365,0.12469851770972418,0.07797430310322552,0.06576128612544005,0.2213176102413877
2.3894294294294296,0.12475200807948346,0.07798001497174037,0.0657670250907367,0.22136158378097423
2.392422422422422,0.12480538996930968,0.0779856392399895,0.06577268677332318,0.22140554858693975
2.3954154154154153,0.12485866490964403,0.07799117698794036,0.0657782721026763,0.22144950466448599
2.3984084084084083,0.12491183440540271,0.07799662927902053,0.06578378199469614,0.2214934520188095
2.4014014014014013,0.12496489993644735,0.07800199716043862,0.0657892173519375,0.22153739065510167
2.4043943943943944,0.12501786295804238,0.07800728166343687,0.06579457906383789,0.22158132057854876
2.4073873873873874,0.12507072490130558,0.07801248380359242,0.06579986800694064,0.22162524179433185
2.4103803803803805,0.12512348717365113,0.07801760458108373,0.06580508504511265,0.22166915430762696
2.4133733733733735,0.12517615115921846,0.078022644980959,0.0658102310297591,0.22171305812360487
2.4163663663663666,0.1252287182192967,0.07802760597340408,0.06581530680003098,0.22175695324743136
2.419359359359359,0.12528118969273747,0.07803248851399404,0.06582031318304137,0.22180083968426703
2.4223523523523522,0.12533356689636277,0.0780372935439521,0.06582525099404588,0.2218447174392674
2.4253453453453453,0.12538585112536027,0.07804202199039387,0.06583012103666135,0.22188858651758286
2.4283383383383383,0.12543804365367392,0.07804667476657234,0.06583492410304903,0.2219324469243588
2.4313313313313314,0.1254901457343852,0.07805125277211042,0.06583966097410662,0.22197629866473534
2.4343243243243244,0.12554215860008536,0.07805575689325867,0.06584433241965272,0.2220201417438478
2.4373173173173175,0.12559408346324977,0.07806018800307726,0.06584893919861992,0.22206397616682613
2.44031031031031,0.12564592151658208,0.07806454696170774,0.06585348205921185,0.22210780193879548
2.443303303303303,0.12569767393337927,0.07806883461656723,0.06585796173910169,0.22215161906487574
2.446296296296296,0.12574934186787182,0.07807305180257147,0.06586237896559262,0.2221954275501819
2.4492892892892892,0.125800926455561,0.07807719934236038,0.06586673445578929,0.2222392273998238
2.4522822822822823,0.12585242881355183,0.07808127804646729,0.06587102891676382,0.22228301861890637
2.4552752752752753,0.12590385004087679,0.0780852887135647,0.06587526304571843,0.22232680121252932
2.4582682682682684,0.12595519121881477,0.07808923213064256,0.06587943753014462,0.22237057518578757
2.4612612612612614,0.12600645341120278,0.07809310907320828,0.06588355304797984,0.22241434054377085
2.4642542542542545,0.1260576376647437,0.07809692030548014,0.06588761026776174,0.22245809729156396
2.467247247247247,0.12610874500930325,0.07810066658057481,0.06589160984878123,0.22250184543424667
2.47024024024024,0.12615977645820728,0.07810434864069289,0.06589555244121605,0.2225455849768938
2.473233233233233,0.12621073300852959,0.07810796721730093,0.0658994386863059,0.22258931592457518
2.4762262262262262,0.12626161564137398,0.07811152303130853,0.0659032692164614,0.22263303828235556
2.4792192192192193,0.12631242532215267,0.07811501679324542,0.0659070446554278,0.22267675205529486
2.4822122122122123,0.1263631630008582,0.07811844920342993,0.06591076561841021,0.22272045724844794
2.4852052052052054,0.12641382961233133,0.07812182095214032,0.06591443271220948,0.22276415386686474
2.488198198198198,0.12646442607652067,0.07812513271977849,0.0659180465353696,0.22280784191559025
2.491191191191191,0.12651495329874235,0.07812838517703272,0.065921607678277,0.2228515213996645
2.494184184184184,0.12656541216993034,0.0781315789850363,0.065925116723318,0.22289519232412258
2.497177177177177,0.126615803566884,0.07813471479552483,0.06592857424498957,0.22293885469399463
2.50017017017017,0.12666612835251098,0.07813779325098903,0.06593198081002542,0.22298250851430593
2.5031631631631632,0.1267163873760648,0.07814081498482489,0.06593533697751607,0.2230261537900768
2.5061561561561563,0.12676658147337852,0.07814378062147985,0.06593864329902858,0.22306979052632261
2.5091491491491493,0.12681671146709406,0.07814669077661088,0.06594190031872217,0.2231134187280539
2.5121421421421424,0.1268667781668864,0.07814954605719762,0.0659451085734633,0.2231570384002763
2.515135135135135,0.12691678236968496,0.07815234706172097,0.06594826859293808,0.22320064954799046
2.518128128128128,0.12696672485988944,0.07815509438026405,0.06595138089976225,0.22324425217619226
2.521121121121121,0.1270166064095828,0.07815778859467272,0.06595444600958994,0.22328784628987264
2.524114114114114,0.1270664277787394,0.07816043027867697,0.0659574644312216,0.2233314318940177
2.527107107107107,0.12711618971542987,0.07816301999802204,0.06596043666670595,0.2233750089936086
2.5301001001001002,0.12716589295602204,0.07816555831059827,0.06596336321144519,0.22341857759362177
2.5330930930930933,0.12721553822537673,0.07816804576656097,0.06596624455429972,0.22346213769902867
2.536086086086086,0.12726512623704714,0.07817048290847352,0.0659690811776681,0.22350568931479603
2.539079079079079,0.1273146576934557,0.0781728702713905,0.06597187355762178,0.2235492324458856
2.542072072072072,0.12736413328610147,0.07817520838301424,0.06597462216396553,0.22359276709725442
2.545065065065065,0.12741355369571805,0.07817749776379294,0.06597732746034637,0.22363629327385465
2.548058058058058,0.12746291959247424,0.078179738927039,0.06597998990434954,0.2236798109806336
2.551051051051051,0.1275122316361405,0.07818193237904215,0.0659826099475827,0.2237233202225339
2.554044044044044,0.12756149047626442,0.07818407861917989,0.06598518803576917,0.22376682100449324
2.557037037037037,0.1276106967523408,0.07818617814002571,0.065987724608835,0.22381031333144455
2.5600300300300303,0.12765985109397873,0.07818823142745794,0.06599022010099591,0.22385379720831597
2.563023023023023,0.12770895412106575,0.0781902389607621,0.06599267494084202,0.22389727264003087
2.566016016016016,0.12775800644392873,0.07819220121273698,0.06599508955142112,0.22394073963150785
2.569009009009009,0.12780700866349248,0.07819411864979364,0.06599746435032434,0.22398419818766063
2.572002002002002,0.1278559613714347,0.07819599173205624,0.06599979974976038,0.2240276483133984
2.574994994994995,0.12790486515033941,0.07819782091346023,0.06600209615664118,0.22407109001362532
2.577987987987988,0.12795372057384358,0.078199606641847,0.06600435397265743,0.22411452329324097
2.580980980980981,0.12800252820679278,0.07820134935906758,0.06600657359435591,0.2241579481571401
2.5839739739739738,0.1280512886053731,0.07820304950104487,0.0660087554132162,0.22420136461021278
2.586966966966967,0.12810000231726473,0.07820470749791861,0.0660108998157224,0.22424477265734433
2.58995995995996,0.1281486698817758,0.07820632377408501,0.06601300718343887,0.22428817230341533
2.592952952952953,0.1281972918299781,0.07820789874830911,0.06601507789308153,0.22433156355330158
2.595945945945946,0.1282458686848475,0.07820943283380748,0.06601711231658881,0.22437494641187428
2.598938938938939,0.12829440096139064,0.07821092643833256,0.06601911082118828,0.22441832088399985
2.601931931931932,0.12834288916677736,0.0782123799642574,0.066021073769472,0.22446168697454
2.604924924924925,0.1283913338004681,0.07821379380865903,0.06602300151945716,0.22450504468835183
2.607917917917918,0.12843973535433842,0.07821516836339165,0.0660248944246535,0.22454839403028762
2.6109109109109108,0.12848809431280403,0.07821650401518304,0.06602675283413371,0.2245917350051951
2.613903903903904,0.12853641115294046,0.07821780114569614,0.06602857709259116,0.22463506761791724
2.616896896896897,0.12858468634460068,0.07821906013161398,0.06603036754040482,0.22467839187329233
2.61988988988989,0.1286329203505362,0.07822028134471737,0.06603212451370759,0.22472170777615405
2.622882882882883,0.1286811136265077,0.07822146515194418,0.0660338483444348,0.22476501533133142
2.625875875875876,0.1287292666213994,0.07822261191549329,0.06603553936039572,0.22480831454364875
2.628868868868869,0.12877737977733103,0.07822372199286018,0.06603719788532637,0.22485160541792576
2.6318618618618617,0.128825453529765,0.07822479573694617,0.06603882423895757,0.2248948879589775
2.6348548548548547,0.1288734883076149,0.07822583349608225,0.06604041873705264,0.22493816217161444
2.6378478478478478,0.12892148453334956,0.07822683561413912,0.06604198169148418,0.2249814280606423
2.640840840840841,0.12896944262309795,0.0782278024305743,0.06604351341027882,0.22502468563086236
2.643833833833834,0.12901736298674976,0.0782287342805049,0.06604501419767497,0.22506793488707116
2.646826826826827,0.1290652460280554,0.07822963149475759,0.06604648435417537,0.22511117583406065
2.64981981981982,0.1291130921447249,0.07823049439996473,0.06604792417660096,0.2251544084766182
2.652812812812813,0.12916090172852315,0.07823132331859457,0.06604933395814248,0.22519763281952657
2.655805805805806,0.12920867516536733,0.07823211856903,0.06605071398841167,0.22524084886756393
2.6587987987987987,0.1292564128354167,0.07823288046562595,0.0660520645534898,0.2252840566255039
2.6617917917917917,0.12930411511316736,0.07823360931876996,0.06605338593599037,0.2253272560981155
2.6647847847847848,0.12935178236754008,0.07823430543494027,0.0660546784150778,0.22537044729016312
2.667777777777778,0.12939941496197113,0.07823496911676496,0.06605594226655652,0.22541363020640665
2.670770770770771,0.1294470132544978,0.07823560066308048,0.06605717776287684,0.22545680485160147
2.673763763763764,0.12949457759784366,0.07823620036897241,0.06605838517322064,0.22549997123049834
2.676756756756757,0.12954210833950466,0.078236768525877,0.06605956476351228,0.22554312934784346
2.6797497497497496,0.12958960582183035,0.07823730542156457,0.06606071679648945,0.22558627920837854
2.6827427427427426,0.12963707038210556,0.07823781134025318,0.06606184153173539,0.2256294208168407
2.6857357357357357,0.1296845023526307,0.07823828656263467,0.06606293922572642,0.22567255417796256
2.6887287287287287,0.1297319020608001,0.07823873136593112,0.06606401013187398,0.22571567929647227
2.6917217217217217,0.12977926982917962,0.07823914602394608,0.06606505450056524,0.22575879617709335
2.694714714714715,0.12982660597558257,0.07823953080711075,0.06606607257921775,0.22580190482454493
2.697707707707708,0.12987391081314448,0.07823988598255739,0.06606706461229467,0.22584500524354156
2.700700700700701,0.12992118465039676,0.07824021181410615,0.06606803084136918,0.22588809743879332
2.703693693693694,0.1299684277913385,0.0782405085623975,0.06606897150516135,0.2259311814150058
2.7066866866866865,0.13001564053550832,0.07824077648487415,0.06606988683956777,0.22597425717688
2.7096796796796796,0.130062823178054,0.07824101583585426,0.06607077707769936,0.2260173247291127
2.7126726726726726,0.13010997600980095,0.07824122686657198,0.0660716424499361,0.22606038407639592
2.7156656656656657,0.13015709931732006,0.07824140982522264,0.06607248318394736,0.2261034352234174
2.7186586586586587,0.1302041933829941,0.07824156495700725,0.06607329950473871,0.2261464781748603
2.721651651651652,0.1302512584850834,0.07824169250417552,0.06607409163468392,0.22618951293540343
2.724644644644645,0.1302982948977897,0.07824179270606793,0.06607485979356628,0.22623253950972105
2.7276376376376374,0.13034530289131985,0.07824186579915988,0.0660756041986048,0.22627555790248308
2.7306306306306305,0.13039228273194733,0.07824191201710051,0.06607632506449805,0.22631856811835488
2.7336236236236235,0.13043923468207488,0.07824193159075589,0.0660770226034573,0.22636157016199748
2.7366166166166166,0.1304861590002931,0.07824192474824765,0.06607769702523754,0.22640456403806744
2.7396096096096096,0.13053305594143927,0.07824189171499307,0.0660783485371613,0.22644754975121686
2.7426026026026027,0.1305799257566592,0.07824183271374391,0.06607897734417773,0.22649052730609356
2.7455955955955957,0.13062676869345902,0.07824174796462444,0.06607958364887796,0.22653349670734077
2.748588588588589,0.13067358499576595,0.07824163768516994,0.06608016765150977,0.2265764579595975
2.751581581581582,0.1307203749039808,0.07824150209036279,0.06608072955005309,0.22661941106749817
2.7545745745745744,0.1307671386550361,0.07824134139266974,0.06608126954021068,0.22666235603567297
2.7575675675675675,0.1308138764824449,0.07824115580207813,0.06608178781545676,0.22670529286874763
2.7605605605605605,0.13086058861635827,0.07824094552613015,0.06608228456706401,0.22674822157134356
2.7635535535535536,0.13090727528361093,0.07824071076995887,0.06608275998413403,0.22679114214807766
2.7665465465465466,0.1309539367077816,0.0782404517363226,0.06608321425362546,0.22683405460356265
2.7695395395395397,0.1310005731092343,0.0782401686256402,0.06608364756038358,0.22687695894240673
2.7725325325325327,0.13104718470517238,0.07823986163601004,0.0660840600871681,0.2269198551692138
2.7755255255255253,0.1310937717096858,0.07823953096327373,0.06608445201468117,0.22696274328858346
2.7785185185185184,0.13114033433379946,0.07823917680102617,0.06608482352159709,0.2270056233051109
2.7815115115115114,0.1311868727855197,0.07823879934063453,0.0660851747845846,0.22704849522338694
2.7845045045045045,0.1312333872698816,0.07823839877130877,0.066085505978341,0.2270913590479982
2.7874974974974975,0.13127987798899196,0.07823797528009202,0.06608581727560484,0.22713421478352686
2.7904904904904906,0.13132634514207792,0.07823752905191782,0.06608610884720467,0.22717706243455074
2.7934834834834836,0.1313727889255282,0.07823706026962896,0.06608638086206278,0.22721990200564351
2.7964764764764767,0.13141920953293687,0.0782365691140088,0.06608663348723473,0.22726273350137435
2.7994694694694697,0.13146560715514743,0.07823605576381046,0.06608686688791354,0.22730555692630827
2.8024624624624623,0.1315119819802926,0.07823552039578142,0.06608708122749254,0.2273483722850059
2.8054554554554554,0.13155833419383775,0.07823496318470731,0.06608727666755267,0.22739117958202362
2.8084484484484484,0.13160466397861945,0.07823438430341928,0.06608745336789637,0.22743397882191344
2.8114414414414415,0.1316509715148894,0.0782337839228236,0.06608761148658637,0.22747677000922323
2.8144344344344345,0.13169725698034745,0.07823316221194519,0.06608775117994725,0.22751955314849648
2.8174274274274276,0.13174352055018626,0.07823251933794038,0.06608787260260876,0.2275623282442724
2.8204204204204206,0.1317897623971263,0.07823185546612252,0.06608797590750702,0.227605095301086
2.8234134134134132,0.13183598269145447,0.07823117076000606,0.06608806124592316,0.227647854323468
2.8264064064064063,0.13188218160106038,0.07823046538129023,0.0660881287674994,0.22769060531594487
2.8293993993993993,0.13192835929147323,0.07822973948995103,0.06608817862026109,0.22773334828303876
2.8323923923923924,0.13197451592589698,0.07822899324417257,0.06608821095063738,0.22777608322926773
2.8353853853853854,0.13202065166524624,0.07822822680047219,0.06608822590348326,0.22781881015914549
2.8383783783783785,0.1320667666681802,0.0782274403136537,0.06608822362209772,0.22786152907718152
2.8413713713713715,0.13211286109113657,0.07822663393685785,0.0660882042482525,0.2279042399878811
2.8443643643643646,0.1321589350883678,0.07822580782158335,0.06608816792219838,0.2279469428957453
2.8473573573573576,0.1322049888119689,0.07822496211770029,0.06608811478269223,0.22798963780527096
2.8503503503503502,0.13225102241191394,0.07822409697349034,0.06608804496702465,0.2280323247209507
2.8533433433433433,0.1322970360360874,0.07822321253565186,0.06608795861102579,0.22807500364727296
2.8563363363363363,0.13234302983031476,0.0782223089493292,0.06608785584909076,0.22811767458872192
2.8593293293293294,0.13238900393839403,0.07822138635813379,0.06608773681419784,0.22816033754977771
2.8623223223223224,0.13243495850212594,0.07822044490416452,0.06608760163792429,0.2282029925349161
2.8653153153153155,0.1324808936613441,0.07821948472802843,0.06608745045048008,0.22824563954860877
2.8683083083083085,0.13252680955394494,0.07821850596886187,0.06608728338069166,0.22828827859532322
2.871301301301301,0.13257270631591467,0.07821750876435028,0.06608710055605545,0.22833090967952274
2.874294294294294,0.13261858408136262,0.07821649325074809,0.06608690210273728,0.22837353280566652
2.877287287287287,0.1326644429825433,0.0782154595628988,0.06608668814559275,0.22841614797820953
2.8802802802802803,0.13271028314988859,0.07821440783425339,0.0660864588081852,0.22845875520160258
2.8832732732732733,0.1327561047120339,0.07821333819689077,0.06608621421280118,0.22850135448029238
2.8862662662662664,0.1328019077958435,0.0782122507815352,0.06608595448046847,0.2285439458187215
2.8892592592592594,0.13284769252643933,0.07821114571757577,0.06608567973097082,0.2285865292213283
2.8922522522522525,0.13289345902722594,0.07821002313308394,0.06608539008286521,0.22862910469254705
2.8952452452452455,0.13293920741991372,0.07820888315483242,0.06608508565349736,0.22867167223680793
2.898238238238238,0.13298493782455012,0.07820772590830659,0.06608476655901743,0.2287142318585369
2.901231231231231,0.1330306503595383,0.07820655151774869,0.06608443291439486,0.2287567835621559
2.904224224224224,0.13307634514166455,0.07820536010611746,0.06608408483343572,0.2287993273520827
2.9072172172172173,0.1331220222861229,0.07820415179518335,0.06608372242879165,0.228841863232731
2.9102102102102103,0.13316768190653602,0.07820292670546737,0.06608334581198536,0.22888439120851042
2.9132032032032034,0.13321332411498157,0.07820168495631433,0.0660829550934149,0.22892691128382636
2.9161961961961964,0.13325894902201366,0.07820042666588337,0.06608255038237307,0.22896942346308025
2.919189189189189,0.1333045567366853,0.07819915195116872,0.06608213178705884,0.22901192775066945
2.922182182182182,0.13335014736657178,0.0781978609280163,0.06608169941460118,0.2290544241509871
2.925175175175175,0.13339572101779051,0.07819655371113733,0.0660812533710528,0.22909691266842241
2.928168168168168,0.1334412777950247,0.07819523041413162,0.0660807937614242,0.22913939330736047
2.931161161161161,0.13348681780154675,0.07819389114948158,0.06608032068968683,0.2291818660721823
2.9341541541541543,0.13353234113923027,0.07819253602859791,0.06607983425878822,0.22922433096726486
2.9371471471471473,0.13357784790858004,0.07819116516180898,0.06607933457066502,0.229266787996981
2.9401401401401404,0.13362333820874922,0.07818977865838621,0.06607882172625655,0.2293092371656997
2.9431331331331334,0.13366881213755794,0.07818837662655671,0.06607829582551565,0.22935167847778565
2.946126126126126,0.13371426979151424,0.07818695917351666,0.06607775696742811,0.22939411193759973
2.949119119119119,0.13375971126583308,0.07818552640544581,0.06607720525001155,0.22943653754949866
2.952112112112112,0.13380513665445543,0.0781840784275208,0.06607664077034103,0.22947895531783513
2.955105105105105,0.1338505460500669,0.07818261534392855,0.06607606362455468,0.22952136524695788
2.958098098098098,0.1338959395441165,0.07818113725787974,0.06607547390787044,0.22956376734121153
2.9610910910910913,0.13394131722683447,0.07817964427162187,0.06607487171457957,0.22960616160493685
2.9640840840840843,0.13398667918725052,0.07817813648645189,0.06607425713809503,0.22964854804247042
2.967077077077077,0.13403202551321125,0.07817661400272895,0.06607363027092451,0.2296909266581449
2.97007007007007,0.13407735629139728,0.07817507691989092,0.06607299120470413,0.229733297456289
2.973063063063063,0.13412267160734145,0.07817352533644907,0.06607234003019968,0.22977566044122738
2.976056056056056,0.13416797154544383,0.07817195935003422,0.06607167683732912,0.22981801561728074
2.979049049049049,0.13421325618898947,0.07817037905737526,0.06607100171515459,0.22986036298876578
2.982042042042042,0.13425852562016433,0.0781687845543301,0.06607031475191273,0.22990270255999523
2.985035035035035,0.1343037799200747,0.0781671759358814,0.06606961603501209,0.2299450343352778
2.9880280280280282,0.1343490191687547,0.07816555329617324,0.06606890565104222,0.2299873583189184
2.9910210210210213,0.13439424344519005,0.07816391672849214,0.06606818368581371,0.23002967451521777
2.994014014014014,0.13443945282733022,0.07816226632532212,0.06606745022431602,0.23007198292847283
2.997007007007007,0.1344846473921035,0.07816060217828051,0.06606670535076144,0.2301142835629765
3.0,0.13452982721543227,0.0781589243782099,0.06606594914860714,0.2301565764230178
