r_cm,t_arrival_1D_ns,t_arrival_gold_loss_ns,t_arrival_ablation_ns,t_arrival_ablation_lam_eff_ns
0.0,0.7636047504210984,0.8175015297769465,0.8567129101662753,0.937196845929792
0.0001002004008016032,0.7636047504210984,0.8175017458682947,0.8567131605930737,0.9371970806270177
0.0002004008016032064,0.7636047504210984,0.8175023941434159,0.8567139118711558,0.9371977847186158
0.0003006012024048096,0.7636047504210984,0.8175034746055385,0.8567151639935835,0.9371989582043483
0.0004008016032064128,0.7636047504210984,0.8175049872600442,0.856716916948794,0.9372006010838192
0.000501002004008016,0.7636047504210984,0.8175069321144667,0.8567191707205989,0.9372027133564739
0.0006012024048096192,0.7636047504210984,0.8175093091784927,0.8567219252881858,0.9372052950215992
0.0007014028056112224,0.7636047504210984,0.8175121184639619,0.8567251806261184,0.9372083460783236
0.0008016032064128256,0.7636047504210984,0.8175153599848662,0.8567286684152959,0.937211866525617
0.0009018036072144289,0.7636047504210984,0.8175190337573516,0.856732408593536,0.9372158563622917
0.001002004008016032,0.7636047504210984,0.8175231397997166,0.8567365889319214,0.9372203155870001
0.0011022044088176352,0.7636047504210984,0.8175276781324134,0.8567412094768522,0.9372252441982376
0.0012024048096192384,0.7636047504210984,0.8175326487780484,0.8567462702796171,0.9372306421943408
0.0013026052104208416,0.7636047504210984,0.8175380517613813,0.8567517713963949,0.9372365095734884
0.0014028056112224449,0.7636047504210984,0.817543887109326,0.856757712888256,0.9372428463336995
0.001503006012024048,0.7636047504210984,0.8175501548509516,0.8567640948211631,0.9372496524728365
0.0016032064128256513,0.7636047504210984,0.8175568550174818,0.8567709172659743,0.937256927988603
0.0017034068136272545,0.7636047504210984,0.817563987642295,0.8567781802984429,0.9372646728785443
0.0018036072144288577,0.7636047504210984,0.817571552760926,0.8567858839992218,0.9372728871400479
0.001903807615230461,0.7636047504210984,0.817579550411065,0.856794028453864,0.9372815707703432
0.002004008016032064,0.7636047504210984,0.8175879806325589,0.8568026137528248,0.9372907237665014
0.002104208416833667,0.7636047504210984,0.8175968434674115,0.8568116399914645,0.937300346125436
0.0022044088176352704,0.7636047504210984,0.8176061389597838,0.856821107270051,0.9373104378439023
0.0023046092184368736,0.7636047504210984,0.8176158671559945,0.8568310156937622,0.9373209989184983
0.002404809619238477,0.7636047504210984,0.817626028104521,0.8568413653726881,0.9373320293456635
0.00250501002004008,0.7636047504210984,0.8176366218559993,0.8568521564218345,0.9373435291216803
0.0026052104208416833,0.7636047504210984,0.8176476484632248,0.8568633889611261,0.9373554982426734
0.0027054108216432865,0.7636047504210984,0.8176591079811533,0.8568750631154082,0.9373679367046094
0.0028056112224448897,0.7636047504210984,0.817671000466901,0.8568871790144515,0.9373808445032982
0.002905811623246493,0.7636047504210984,0.8176833259797456,0.8568997367929544,0.9373942216343917
0.003006012024048096,0.7636047504210984,0.8176960845811263,0.8569127365905467,0.9374080680933847
0.0031062124248496994,0.7636047504210984,0.8177092763346456,0.8569261785517933,0.9374223838756146
0.0032064128256513026,0.7636047504210984,0.8177229013060688,0.8569400628261978,0.9374371689762623
0.003306613226452906,0.7636047504210984,0.817736959563326,0.8569543895682069,0.9374524233903505
0.003406813627254509,0.7636047504210984,0.8177514511765113,0.8569691589372131,0.9374681471127457
0.0035070140280561123,0.7636047504210984,0.8177663762178852,0.8569843710975601,0.9374843401381575
0.0036072144288577155,0.7636047504210984,0.817781734761874,0.8570000262185462,0.9375010024611381
0.0037074148296593187,0.7636047504210984,0.817797526885072,0.857016124474429,0.9375181340760838
0.003807615230460922,0.7636047504210984,0.8178137526662413,0.8570326660444301,0.937535734977234
0.003907815631262525,0.7636047504210984,0.8178304121863131,0.8570496511127387,0.9375538051586714
0.004008016032064128,0.7636047504210984,0.8178475055283881,0.8570670798685176,0.9375723446143226
0.004108216432865732,0.7636047504210984,0.8178650327777389,0.8570849525059078,0.937591353337958
0.004208416833667334,0.7636047504210984,0.817882994021809,0.8571032692240321,0.9376108313231913
0.004308617234468938,0.7636047504210984,0.8179013893502152,0.8571220302270025,0.9376307785634811
0.004408817635270541,0.7636047504210984,0.817920218854748,0.8571412357239238,0.9376511950521293
0.0045090180360721445,0.7636047504210984,0.8179394826293728,0.8571608859288992,0.9376720807822824
0.004609218436873747,0.7636047504210984,0.8179591807702308,0.8571809810610365,0.9376934357469312
0.004709418837675351,0.7636047504210984,0.8179793133756403,0.8572015213444532,0.9377152599389109
0.004809619238476954,0.7636047504210984,0.8179998805460977,0.8572225070082821,0.9377375533509015
0.004909819639278557,0.7636047504210984,0.8180208823842787,0.8572439382866781,0.9377603159754272
0.00501002004008016,0.7636047504210984,0.8180423189950393,0.8572658154188235,0.9377835478048577
0.005110220440881764,0.7636047504210984,0.8180641904854169,0.8572881386489334,0.9378072488314079
0.0052104208416833666,0.7636047504210984,0.8180864969646319,0.8573109082262644,0.9378314190471367
0.00531062124248497,0.7636047504210984,0.8181092385440887,0.8573341244051185,0.9378560584439497
0.005410821643286573,0.7636047504210984,0.8181324153373768,0.8573577874448509,0.9378811670135971
0.005511022044088177,0.7636047504210984,0.8181560274602724,0.8573818976098772,0.9379067447476753
0.0056112224448897794,0.7636047504210984,0.8181800750307391,0.8574064551696782,0.9379327916376258
0.005711422845691383,0.7636047504210984,0.8182045581689302,0.8574314603988096,0.9379593076747362
0.005811623246492986,0.7636047504210984,0.8182294769971893,0.857456913576907,0.937986292850141
0.0059118236472945895,0.7636047504210984,0.8182548316400517,0.8574828149886943,0.9380137471548199
0.006012024048096192,0.7636047504210984,0.8182806222242464,0.8575091649239899,0.9380416705795998
0.006112224448897796,0.7636047504210984,0.8183068488786964,0.8575359636777158,0.9380700631151533
0.006212424849699399,0.7636047504210984,0.8183335117345216,0.8575632115499037,0.938098924752001
0.006312625250501002,0.7636047504210984,0.8183606109250392,0.857590908845704,0.9381282554805094
0.006412825651302605,0.7636047504210984,0.8183881465857656,0.8576190558753924,0.9381580552908926
0.006513026052104208,0.7636047504210984,0.8184161188544178,0.8576476529543801,0.9381883241732116
0.006613226452905812,0.7636047504210984,0.8184445278709149,0.857676700403219,0.9382190621173758
0.006713426853707414,0.7636047504210984,0.81847337377738,0.8577061985476123,0.9382502691131412
0.006813627254509018,0.7636047504210984,0.8185026567181417,0.8577361477184231,0.9382819451501129
0.006913827655310621,0.7636047504210984,0.8185323768397355,0.857766548251681,0.9383140902177423
0.0070140280561122245,0.7636047504210984,0.8185625342909054,0.8577974004885922,0.9383467043053306
0.007114228456913827,0.7636047504210984,0.8185931292226057,0.8578287047755491,0.938379787402027
0.007214428857715431,0.7636047504210984,0.8186241617880032,0.8578604614641373,0.9384133394968291
0.007314629258517034,0.7636047504210984,0.8186556321424784,0.8578926709111468,0.9384473605785839
0.007414829659318637,0.7636047504210984,0.8186875404436267,0.8579253334785795,0.9384818506359868
0.00751503006012024,0.7636047504210984,0.8187198868512616,0.8579584495336604,0.938516809657583
0.007615230460921844,0.7636047504210984,0.8187526715274153,0.8579920194488458,0.938552237631767
0.007715430861723447,0.7636047504210984,0.8187858946363411,0.8580260436018337,0.9385881345467828
0.00781563126252505,0.7636047504210984,0.818819556344515,0.858060522375573,0.938624500390725
0.007915831663326654,0.7636047504210984,0.8188536568206378,0.8580954561582746,0.9386613351515378
0.008016032064128256,0.7636047504210984,0.8188881962356369,0.8581308453434208,0.9386986388170159
0.00811623246492986,0.7636047504210984,0.8189231747626681,0.8581666903297753,0.9387364113748047
0.008216432865731463,0.7636047504210984,0.8189585925771176,0.8582029915213947,0.9387746528124002
0.008316633266533067,0.7636047504210984,0.8189944498566043,0.858239749327638,0.9388133631171496
0.008416833667334669,0.7636047504210984,0.8190307467809819,0.8582769641631778,0.9388525422762519
0.008517034068136272,0.7636047504210984,0.8190674835323396,0.8583146364480111,0.9388921902767569
0.008617234468937876,0.7636047504210984,0.8191046602950061,0.8583527666074707,0.9389323071055662
0.00871743486973948,0.7636047504210984,0.8191422772555503,0.8583913550722359,0.9389728927494342
0.008817635270541082,0.7636047504210984,0.8191803346027843,0.8584304022783432,0.9390139471949672
0.008917835671342685,0.7636047504210984,0.8192188325277645,0.8584699086671996,0.9390554704286237
0.009018036072144289,0.7636047504210984,0.819257771223795,0.8585098746855926,0.9390974624367157
0.009118236472945893,0.7636047504210984,0.8192971508864285,0.8585503007857022,0.9391399232054073
0.009218436873747494,0.7636047504210984,0.8193369717134698,0.8585911874251134,0.9391828527207167
0.009318637274549098,0.7636047504210984,0.8193772339049773,0.8586325350668277,0.9392262509685154
0.009418837675350702,0.7636047504210984,0.819417937663265,0.8586743441792758,0.9392701179345289
0.009519038076152305,0.7636047504210984,0.8194590831929058,0.8587166152363295,0.9393144536043364
0.009619238476953907,0.7636047504210984,0.8195006707007326,0.8587593487173142,0.9393592579633718
0.009719438877755511,0.7636047504210984,0.8195427003958417,0.8588025451070219,0.9394045309969237
0.009819639278557115,0.7636047504210984,0.8195851724895946,0.8588462048957244,0.9394502726901356
0.009919839679358717,0.7636047504210984,0.8196280871956204,0.8588903285791848,0.9394964830280063
0.01002004008016032,0.7636047504210984,0.8196714447298186,0.8589349166586722,0.9395431619953893
0.010120240480961924,0.7636047504210984,0.8197152453103611,0.8589799696409738,0.9395903095769953
0.010220440881763528,0.7636047504210984,0.8197594891576953,0.8590254880384096,0.9396379257573899
0.01032064128256513,0.7636047504210984,0.8198041764945456,0.859071472368845,0.9396860105209951
0.010420841683366733,0.7636047504210984,0.819849307545917,0.859117923155704,0.9397345638520906
0.010521042084168337,0.7636047504210984,0.819894882539097,0.8591648409279855,0.939783585734812
0.01062124248496994,0.7636047504210984,0.8199409017036587,0.8592122262202742,0.9398330761531527
0.010721442885771542,0.7636047504210984,0.8199873652714627,0.8592600795727574,0.9398830350909632
0.010821643286573146,0.7636047504210984,0.8200342734766602,0.859308401531238,0.9399334625319524
0.01092184368737475,0.7636047504210984,0.8200816265556958,0.8593571926471497,0.939984358459687
0.011022044088176353,0.7636047504210984,0.8201294247473102,0.8594064534775709,0.9400357228575922
0.011122244488977955,0.7636047504210984,0.8201776682925421,0.8594561845852409,0.9400875557089522
0.011222444889779559,0.7636047504210984,0.820226357434732,0.8595063865385735,0.9401398569969103
0.011322645290581163,0.7636047504210984,0.8202754924195247,0.8595570599116729,0.940192626704469
0.011422845691382766,0.7636047504210984,0.8203250734948718,0.8596082052843492,0.9402458648144906
0.011523046092184368,0.7636047504210984,0.8203751009110344,0.859659823242134,0.9402995713096979
0.011623246492985972,0.7636047504210984,0.8204255749205867,0.8597119143762948,0.9403537461726735
0.011723446893787575,0.7636047504210984,0.8204764957784181,0.8597644792838528,0.9404083893858612
0.011823647294589179,0.7636047504210984,0.8205278637417368,0.8598175185675978,0.9404635009315655
0.011923847695390781,0.7636047504210984,0.820579679070072,0.8598710328361042,0.9405190807919529
0.012024048096192385,0.7636047504210984,0.8206319420252779,0.8599250227037479,0.9405751289490512
0.012124248496993988,0.7636047504210984,0.8206846528715349,0.8599794887907232,0.9406328538966457
0.012224448897795592,0.7636047504210984,0.820737811875355,0.8600344317230576,0.9406920550673834
0.012324649298597194,0.7636047504210984,0.8207916312377849,0.8600898521326318,0.9407517402990305
0.012424849699398798,0.7636047504210984,0.8208467516240501,0.8601457506571936,0.9408119095138583
0.012525050100200401,0.7636047504210984,0.8209023085039778,0.8602021279403771,0.9408725626335335
0.012625250501002005,0.7636047504210984,0.8209583016436884,0.8602589846317195,0.9409336995791199
0.012725450901803607,0.7636047504210984,0.8210147308075761,0.8603163213866781,0.9409953202710784
0.01282565130260521,0.7636047504210984,0.8210715957583119,0.8603741388666495,0.941057424629268
0.012925851703406814,0.7636047504210984,0.8211288962568469,0.8604324377389858,0.9411200125729474
0.013026052104208416,0.7636047504210984,0.8211866320624166,0.8604912186770142,0.9411830840207747
0.01312625250501002,0.7636047504210984,0.8212448029325444,0.8605504823600537,0.9412466388908081
0.013226452905811623,0.7636047504210984,0.821303408623045,0.8606102294734355,0.9413106771005072
0.013326653306613227,0.7636047504210984,0.8213624488880276,0.8606704607085197,0.9413751985667341
0.013426853707414829,0.7636047504210984,0.8214219234799007,0.8607316209472639,0.9414402032057536
0.013527054108216433,0.7636047504210984,0.8214818321493752,0.8607954028590764,0.9415056909332338
0.013627254509018036,0.7636047504210984,0.821542174645468,0.8608596576831653,0.9415716616642472
0.01372745490981964,0.7636047504210984,0.8216029507155056,0.8609243853913755,0.9416381153132718
0.013827655310621242,0.7636047504210984,0.8216641601051289,0.8609895859553733,0.9417050517941914
0.013927855711422845,0.7636047504210984,0.821725802558296,0.861055259346647,0.9417724710202968
0.014028056112224449,0.7636047504210984,0.821787877817286,0.8611214055365074,0.9418403729042866
0.014128256513026053,0.7636047504210984,0.8218503856227041,0.8611880244960894,0.9419087573582671
0.014228456913827655,0.7636047504210984,0.8219133257134834,0.8612551161963512,0.9419776242937544
0.014328657314629258,0.7636047504210984,0.8219766978268912,0.861322680608076,0.9420469736216753
0.014428857715430862,0.7636047504210984,0.8220405016985308,0.8613907177018724,0.9421168052523666
0.014529058116232466,0.7636047504210984,0.822104737062347,0.8614592274481746,0.9421871190955768
0.014629258517034067,0.7636047504210984,0.8221694036506286,0.8615282098172441,0.9422579150604682
0.014729458917835671,0.7636047504210984,0.8222345011940143,0.8615976647791694,0.9423291930556156
0.014829659318637275,0.7636047504210984,0.8223000294214948,0.8616675923038668,0.9424009529890083
0.014929859719438878,0.7636047504210984,0.8223659880604183,0.8617379923610821,0.9424731947680514
0.01503006012024048,0.7636047504210984,0.8224323768364933,0.8618088649203898,0.9425459182995651
0.015130260521042084,0.7636047504210984,0.8224991954737937,0.8618802099511945,0.9426191234897876
0.015230460921843688,0.7636047504210984,0.8225664436947625,0.8619520274227324,0.9426928102443742
0.015330661322645291,0.7636047504210984,0.822634121220216,0.8620243173040707,0.9427669784683996
0.015430861723446893,0.7636047504210984,0.8227022277693475,0.8620970795641085,0.9428416280663572
0.015531062124248497,0.7636047504210984,0.8227707630597326,0.8621703141715785,0.9429167589421618
0.0156312625250501,0.7636047504210984,0.822839726807332,0.8622440210950468,0.9429923709991492
0.015731462925851702,0.7636047504210984,0.8229091187264965,0.8623182003029138,0.943068464140078
0.015831663326653308,0.7636047504210984,0.8229789385299715,0.8623928517634153,0.9431450382671296
0.01593186372745491,0.7636047504210984,0.8230491859289003,0.8624679754446226,0.9432220932819091
0.01603206412825651,0.7636047504210984,0.8231198606328293,0.8625435713144439,0.9432996290854478
0.016132264529058117,0.7636047504210984,0.8231909623497121,0.8626196393406245,0.9433776455782026
0.01623246492985972,0.7636047504210984,0.8232624907859132,0.8626961794907478,0.9434561426600571
0.01633266533066132,0.7636047504210984,0.8233344456462129,0.8627731917322363,0.9435351202303228
0.016432865731462926,0.7636047504210984,0.8234068266338122,0.8628506760323522,0.9436145781877406
0.016533066132264528,0.7636047504210984,0.8234796334503355,0.8629286323581973,0.9436945164304804
0.016633266533066134,0.7636047504210984,0.8235528657958368,0.8630070606767152,0.9437749348561435
0.016733466933867736,0.7636047504210984,0.8236265233688032,0.8630859609546909,0.9438558333617629
0.016833667334669337,0.7636047504210984,0.8237006058661595,0.8631653331587528,0.9439372118438039
0.016933867735470943,0.7636047504210984,0.8237751129832727,0.863245177255372,0.9440190701981657
0.017034068136272545,0.7636047504210984,0.8238500444139564,0.8633254932108639,0.9441014083201821
0.017134268537074147,0.7636047504210984,0.8239253998504755,0.8634062809913893,0.9441842261046225
0.017234468937875752,0.7636047504210984,0.8240011789835504,0.8634875405629545,0.944267523445693
0.017334669338677354,0.7636047504210984,0.8240773815023621,0.8635692718914127,0.9443513002370372
0.01743486973947896,0.7636047504210984,0.8241540070945559,0.8636514749424639,0.9444355563717376
0.01753507014028056,0.7636047504210984,0.8242310554462472,0.8637341496816568,0.9445202917423157
0.017635270541082163,0.7636047504210984,0.8243085262420246,0.8638172960743888,0.944606952497118
0.01773547094188377,0.7636047504210984,0.8243864191649558,0.8639009140859077,0.9447039681263788
0.01783567134268537,0.7636047504210984,0.824464733896592,0.8639850036813111,0.9448014617327009
0.017935871743486972,0.7636047504210984,0.8245434701169719,0.8640695648255486,0.9448994321879262
0.018036072144288578,0.7636047504210984,0.8246226275046269,0.8641545974834223,0.9449978783598475
0.01813627254509018,0.7636047504210984,0.8247022057365856,0.8642401016195864,0.9450967991122424
0.018236472945891785,0.7636047504210984,0.8247817810991225,0.8643260771985506,0.9451961933049059
0.018336673346693387,0.7636047504210984,0.8248576074547375,0.8644125241846778,0.9452960597936849
0.01843687374749499,0.7636047504210984,0.8249338115470423,0.8644994425421877,0.9453963974305117
0.018537074148296594,0.7636047504210984,0.8250103927908313,0.8645868322351563,0.9454972050634382
0.018637274549098196,0.7636047504210984,0.8250873505985877,0.8646746932275162,0.9455984815366695
0.018737474949899798,0.7636047504210984,0.8251646843804956,0.8647669104577037,0.9457002256905975
0.018837675350701404,0.7636047504210984,0.8252423935444537,0.8648628096430854,0.9458024363618357
0.018937875751503006,0.7636047504210984,0.8253204774960874,0.8649591582519774,0.9459051123832529
0.01903807615230461,0.7636047504210984,0.8253989356387632,0.865055955363564,0.9460082525840069
0.019138276553106213,0.7636047504210984,0.8254777673735998,0.8651532000538762,0.9461118557895786
0.019238476953907815,0.7636047504210984,0.8255569720994831,0.8652508913958173,0.9462159208218068
0.01933867735470942,0.7636047504210984,0.8256365492130777,0.8653490284591863,0.9463204464989222
0.019438877755511022,0.7636047504210984,0.8257164981088405,0.8654476103107017,0.9464254316355807
0.019539078156312624,0.7636047504210984,0.8257968181790345,0.8655466360140253,0.9465308750428995
0.01963927855711423,0.7636047504210984,0.8258775088137412,0.8656461046297872,0.946636775528489
0.01973947895791583,0.7636047504210984,0.8259585694008736,0.8657460152156093,0.9467431318964896
0.019839679358717433,0.7636047504210984,0.8260399993261904,0.8658463668261289,0.9468499429476036
0.01993987975951904,0.7636047504210984,0.8261217979733083,0.8659471585130243,0.9469572074791318
0.02004008016032064,0.7636047504210984,0.8262039647237155,0.8660483893250376,0.9470649242850062
0.020140280561122246,0.7636047504210984,0.8262864989567854,0.8661500583079997,0.9471730921558259
0.020240480961923848,0.7636047504210984,0.8263694000497894,0.8662521645048545,0.9472817098788893
0.02034068136272545,0.7636047504210984,0.826452667377911,0.8663547069556831,0.9473907762382313
0.020440881763527055,0.7636047504210984,0.8265363003142583,0.8664576846977279,0.9475002900146563
0.020541082164328657,0.7636047504210984,0.8266202982298774,0.8665610967654175,0.947610249985772
0.02064128256513026,0.7636047504210984,0.826704660493767,0.8666649421903906,0.9477206549260256
0.020741482965931864,0.7636047504210984,0.8267893864728905,0.8667692200015208,0.9478315036067373
0.020841683366733466,0.7636047504210984,0.8268744755321903,0.8668739292249404,0.9479427947961345
0.02094188376753507,0.7636047504210984,0.8269599270346009,0.8669790688840661,0.9480545272593873
0.021042084168336674,0.7636047504210984,0.8270457403410626,0.8670846379996215,0.9481666997586427
0.021142284569138275,0.7636047504210984,0.8271319148105352,0.8671906355896638,0.9482793110530581
0.02124248496993988,0.7636047504210984,0.827218449800011,0.8672970606696071,0.9483923598988383
0.021342685370741483,0.7636047504210984,0.8273053446645292,0.8674039122522468,0.9485058450492674
0.021442885771543085,0.7636047504210984,0.8273925987571887,0.8675111893477846,0.9486156024487079
0.02154308617234469,0.7636047504210984,0.8274802114291623,0.867618890963853,0.9487147979084568
0.021643286573146292,0.7636047504210984,0.82756818202971,0.8677270161055401,0.9488145433285518
0.021743486973947897,0.7636047504210984,0.8276565099061929,0.8678355637754137,0.9489148400396687
0.0218436873747495,0.7636047504210984,0.8277451944040871,0.8679445329735465,0.9490156893813851
0.0219438877755511,0.7636047504210984,0.8278342348669963,0.8680539226975398,0.9491170927022229
0.022044088176352707,0.7636047504210984,0.8279236306366672,0.8681637319425496,0.9492190513596948
0.02214428857715431,0.7636047504210984,0.8280133810530019,0.86827395970131,0.9493215667203481
0.02224448897795591,0.7636047504210984,0.8281034854540725,0.8683846049641585,0.9494246401598102
0.022344689378757516,0.7636047504210984,0.828193943176134,0.8684956667190602,0.9495282730628344
0.022444889779559118,0.7636047504210984,0.828284753553639,0.8686071439516329,0.9496324668233461
0.02254509018036072,0.7636047504210984,0.8283759159192507,0.868719218401459,0.9497372228444888
0.022645290581162325,0.7636047504210984,0.828467429603858,0.8688336082715301,0.9498425425386712
0.022745490981963927,0.7636047504210984,0.8285592939365873,0.868948597626132,0.9499484273276148
0.022845691382765532,0.7636047504210984,0.8286515082448183,0.8690641877927631,0.9500548786424006
0.022945891783567134,0.7636047504210984,0.8287440718541969,0.8691803801072198,0.9501618979235181
0.023046092184368736,0.7636047504210984,0.8288407929030381,0.8692971759136358,0.9502694866209133
0.02314629258517034,0.7636047504210984,0.8289393670606682,0.8694145765645175,0.9503776461940366
0.023246492985971944,0.7636047504210984,0.829038432499454,0.869532583420783,0.950486378111894
0.023346693386773545,0.7636047504210984,0.829137990102183,0.8696511978518003,0.9505956838530948
0.02344689378757515,0.7636047504210984,0.8292380407567408,0.8697704212354251,0.9507055649059024
0.023547094188376753,0.7636047504210984,0.8293385853561315,0.8698902549580404,0.9508160227682856
0.023647294589178358,0.7636047504210984,0.8294396247984959,0.8700107004145946,0.9509270589479674
0.02374749498997996,0.7636047504210984,0.82954115998713,0.8701317590086409,0.9510386749624781
0.023847695390781562,0.7636047504210984,0.8296431918305051,0.8702534321523782,0.9511508723392061
0.023947895791583167,0.7636047504210984,0.8297457212422863,0.8703757212666892,0.9512636526154509
0.02404809619238477,0.7636047504210984,0.8298487491413522,0.870498627781182,0.951377017338474
0.02414829659318637,0.7636047504210984,0.8299522764518147,0.8706221531342302,0.9514909680655541
0.024248496993987977,0.7636047504210984,0.8300563041030377,0.8707462987730135,0.9516055063640383
0.02434869739478958,0.7636047504210984,0.8301608330296579,0.8708710661535591,0.9517206338113977
0.024448897795591184,0.7636047504210984,0.8302658641716046,0.8709964567407832,0.9518363519952808
0.024549098196392786,0.7636047504210984,0.830371398474119,0.8711224720085332,0.9519526625135685
0.024649298597194388,0.7636047504210984,0.8304774368877751,0.8712491134396284,0.9520695669744297
0.024749498997995993,0.7636047504210984,0.8305839803684999,0.8713763825259044,0.9521870669963758
0.024849699398797595,0.7636047504210984,0.8306910298775938,0.8715042807682544,0.9523051642083186
0.024949899799599197,0.7636047504210984,0.8307985863817513,0.8716328096766732,0.9524238602496251
0.025050100200400802,0.7636047504210984,0.8309066508530814,0.8717619707702995,0.9525431567701756
0.025150300601202404,0.7636047504210984,0.8310152242691292,0.8718917655774608,0.9526632788827392
0.02525050100200401,0.7636047504210984,0.8311243076128962,0.872022195635717,0.9527840060345052
0.02535070140280561,0.7636047504210984,0.8312339018728624,0.8721532624919053,0.9529052072016547
0.025450901803607213,0.7636047504210984,0.8313440080430061,0.8722849677021833,0.9530268823163567
0.02555110220440882,0.7636047504210984,0.8314546271228273,0.8724173128320766,0.953149031310586
0.02565130260521042,0.7636047504210984,0.8315657601173676,0.8725502994565223,0.9532716541161231
0.025751503006012023,0.7636047504210984,0.8316774080372336,0.8726839291599154,0.9533947506645547
0.025851703406813628,0.7636047504210984,0.8317895718986167,0.8728269005673887,0.9535183208872763
0.02595190380761523,0.7636047504210984,0.8319022527233179,0.8729716900211838,0.9536423647154902
0.026052104208416832,0.7636047504210984,0.8320154515387674,0.8731168604706382,0.9537668820802095
0.026152304609218437,0.7636047504210984,0.8321291693780486,0.8732624102063186,0.9538918729122569
0.02625250501002004,0.7636047504210984,0.8322434072799201,0.8734083375182531,0.9540173371422654
0.026352705410821645,0.7636047504210984,0.8323581662888382,0.8735546406959762,0.9541432747006813
0.026452905811623247,0.7636047504210984,0.8324734474549798,0.8737013180285769,0.9542696855177631
0.02655310621242485,0.7636047504210984,0.8325892518342662,0.8738483678047433,0.9543965695235826
0.026653306613226454,0.7636047504210984,0.832705580488385,0.8739957883128091,0.9545239266480269
0.026753507014028056,0.7636047504210984,0.8328169230545537,0.8741435778407995,0.9546517568207982
0.026853707414829658,0.7636047504210984,0.8329233559930448,0.8742917346764771,0.9547800599714148
0.026953907815631263,0.7636047504210984,0.833030126084329,0.8744402571073873,0.954908836029213
0.027054108216432865,0.7636047504210984,0.8331372327138681,0.874589143420903,0.9550380849233463
0.02715430861723447,0.7636047504210984,0.8332446752659598,0.8747383919042702,0.9551678065827883
0.027254509018036072,0.7636047504210984,0.8333524531237485,0.8748880008446531,0.9552980009363317
0.027354709418837674,0.7636047504210984,0.833460565669236,0.8750379685291785,0.9554286679125905
0.02745490981963928,0.7636047504210984,0.8335690122832908,0.8751882932449807,0.9555598074400002
0.02755511022044088,0.7636047504210984,0.8336777923456598,0.8753389732792458,0.9556914194468195
0.027655310621242483,0.7636047504210984,0.833786905234977,0.8754900069192557,0.9558235038611297
0.02775551102204409,0.7636047504210984,0.8338963503287762,0.8756413924524321,0.9559560606108378
0.02785571142284569,0.7636047504210984,0.8340061270034991,0.8757931281663811,0.9560890896236754
0.027955911823647296,0.7636047504210984,0.8341162346345069,0.8759452123489357,0.9562225908272008
0.028056112224448898,0.7636047504210984,0.8342266725960905,0.8760976432882001,0.9563565641487999
0.0281563126252505,0.7636047504210984,0.8343374402614806,0.8762504192725928,0.9564910095156859
0.028256513026052105,0.7636047504210984,0.8344485370028587,0.8764035385908895,0.9566391291399947
0.028356713426853707,0.7636047504210984,0.8345599621913663,0.8765569995322662,0.9568105576796079
0.02845691382765531,0.7636047504210984,0.8346717151971166,0.8767101668560011,0.9569823184983098
0.028557114228456915,0.7636047504210984,0.8347837953892042,0.8768575421645678,0.9571544093871531
0.028657314629258517,0.7636047504210984,0.8348962021357157,0.8770055340963726,0.9573268281393764
0.028757515030060122,0.7636047504210984,0.8350089348037395,0.877154143779361,0.9574995725504641
0.028857715430861724,0.7636047504210984,0.835121992759377,0.8773033723471134,0.9576726404182003
0.028957915831663326,0.7636047504210984,0.8352353753677525,0.8774532209388656,0.9578460295427267
0.02905811623246493,0.7636047504210984,0.8353490819930239,0.8776036906995295,0.9580197377265955
0.029158316633266533,0.7636047504210984,0.8354631119983925,0.8777547827797129,0.9581937627748283
0.029258517034068135,0.7636047504210984,0.8355774647461138,0.8779064983357419,0.958368102494967
0.02935871743486974,0.7636047504210984,0.8356921395975083,0.878058838529681,0.9585427546971304
0.029458917835671342,0.7636047504210984,0.8358071359129704,0.878211804529354,0.958717717194068
0.029559118236472944,0.7636047504210984,0.8359224530519803,0.8783653975083661,0.9588929878012137
0.02965931863727455,0.7636047504210984,0.836038090373114,0.878519618646124,0.959068564336737
0.02975951903807615,0.7636047504210984,0.8361540472340528,0.8786744691278594,0.9592444446215992
0.029859719438877757,0.7636047504210984,0.8362703229915949,0.8788299501446483,0.959420626479603
0.02995991983967936,0.7636047504210984,0.836386917001664,0.8789860628934343,0.9595971077374456
0.03006012024048096,0.7636047504210984,0.8365038286193224,0.8791428085770504,0.9597738862247699
0.030160320641282566,0.7636047504210984,0.8366210571987781,0.8793001884042406,0.9599509597742167
0.030260521042084168,0.7636047504210984,0.8367386020933978,0.8794582035896823,0.9601283262214744
0.03036072144288577,0.7636047504210984,0.8368680681708268,0.8796168553540084,0.9603059834053294
0.030460921843687375,0.7636047504210984,0.8370001827454377,0.8797761449238302,0.9604839291677174
0.030561122244488977,0.7636047504210984,0.8371328491859186,0.8799360735317593,0.9606658655918203
0.030661322645290583,0.7636047504210984,0.8372660687841478,0.8800966424164314,0.9608519284079976
0.030761523046092185,0.7636047504210984,0.8373998428387995,0.8802578528225279,0.9610387191596833
0.030861723446893786,0.7636047504210984,0.8375341726553744,0.8804197060008001,0.96122623911654
0.030961923847695392,0.7636047504210984,0.8376690595462309,0.8805822032080913,0.9614144895541913
0.031062124248496994,0.7636047504210984,0.8378045048306152,0.8807425333552746,0.9616034717542418
0.031162324649298596,0.7636047504210984,0.8379405098346943,0.8808977778984023,0.9617931870042976
0.0312625250501002,0.7636047504210984,0.8380770758915869,0.8810534609698555,0.9619836365979888
0.0313627254509018,0.7636047504210984,0.8382142043413948,0.8812095820319831,0.9621748218349884
0.031462925851703405,0.7636047504210984,0.838351896531236,0.8813661405462343,0.9623667440210352
0.03156312625250501,0.7636047504210984,0.8384901538152763,0.8815231359731664,0.9625594044679536
0.031663326653306616,0.7636047504210984,0.8386289775547618,0.8816805677724507,0.962752804493677
0.03176352705410822,0.7636047504210984,0.8387683691180522,0.8818384354028798,0.9629469454222672
0.03186372745490982,0.7636047504210984,0.838908329880653,0.8819967383223738,0.9631418285839378
0.03196392785571142,0.7636047504210984,0.8390488612252491,0.882155475987987,0.9633374553150744
0.03206412825651302,0.7636047504210984,0.8391899645417389,0.8823146478559156,0.9635338269582583
0.03216432865731463,0.7636047504210984,0.8393316412272659,0.8824742533815036,0.963730944862287
0.032264529058116234,0.7636047504210984,0.8394738926862549,0.8826342920192491,0.9639288103821974
0.032364729458917836,0.7636047504210984,0.839616720330445,0.8827947632228125,0.9641274248792869
0.03246492985971944,0.7636047504210984,0.8397601255789232,0.8829556664450215,0.9643267897211378
0.03256513026052104,0.7636047504210984,0.8399041098581607,0.8831170011378799,0.9645269062816377
0.03266533066132264,0.7636047504210984,0.840048674602046,0.8832787667525723,0.9647111927468524
0.03276553106212425,0.7636047504210984,0.8401938212519213,0.8834409627394719,0.9648920759269756
0.03286573146292585,0.7636047504210984,0.8403395512566165,0.8836035885481477,0.9650733546533014
0.032965931863727455,0.7636047504210984,0.8404858660724855,0.8837666436273701,0.9652550277101206
0.033066132264529056,0.7636047504210984,0.8406327671634427,0.8839301274251188,0.9654370938811748
0.03316633266533066,0.7636047504210984,0.8407767485018559,0.8840940393885883,0.9656195519496775
0.03326653306613227,0.7636047504210984,0.8409071042697226,0.8842583789641961,0.9658024006983333
0.03336673346693387,0.7636047504210984,0.8410377804299639,0.8844231455975888,0.965985638909358
0.03346693386773547,0.7636047504210984,0.8411687764063648,0.8845883387336483,0.966169265364499
0.03356713426853707,0.7636047504210984,0.8413000916220948,0.8847546235161725,0.9663532788450536
0.033667334669338675,0.7636047504210984,0.8414317254997157,0.8849221551068885,0.9665376781318913
0.033767535070140284,0.7636047504210984,0.8415636774611891,0.8850899617723187,0.9667224620054721
0.033867735470941886,0.7636047504210984,0.8416959469278846,0.885258042012679,0.9669076292458657
0.03396793587174349,0.7636047504210984,0.8418285333205875,0.8854263943297058,0.9670931786327723
0.03406813627254509,0.7636047504210984,0.8419614360595069,0.8855950172266847,0.9672791089455419
0.03416833667334669,0.7636047504210984,0.842094654564283,0.8857639092084777,0.9674654189631934
0.03426853707414829,0.7636047504210984,0.8422281882539953,0.8859330687815505,0.9676521074644349
0.0343687374749499,0.7636047504210984,0.8423620365471703,0.8861024944540008,0.9678391732276824
0.034468937875751504,0.7636047504210984,0.8424961988617897,0.8862721847355836,0.9680266150310798
0.034569138276553106,0.7636047504210984,0.8426306746152973,0.8864421381377394,0.9682144316525181
0.03466933867735471,0.7636047504210984,0.8427654632246075,0.8866123531736214,0.9684026218696545
0.03476953907815631,0.7636047504210984,0.8429005641061132,0.8867828283581207,0.9685929921591864
0.03486973947895792,0.7636047504210984,0.8430359766756935,0.8869535622078943,0.9687922896902579
0.03496993987975952,0.7636047504210984,0.8431717003487206,0.8871245532413893,0.9689917989914949
0.03507014028056112,0.7636047504210984,0.8433077345400686,0.8872957999788712,0.9691915179940555
0.035170340681362725,0.7636047504210984,0.8434440786641214,0.8874673009424487,0.969391444634162
0.035270541082164326,0.7636047504210984,0.8435807321347796,0.8876390546560989,0.9695915768531345
0.03537074148296593,0.7636047504210984,0.8437176943654684,0.8878110596456942,0.9697919125974219
0.03547094188376754,0.7636047504210984,0.8438549647691463,0.8879833144390267,0.9699924498186354
0.03557114228456914,0.7636047504210984,0.8439925427583119,0.8881558175658333,0.9701931864735794
0.03567134268537074,0.7636047504210984,0.8441304277450115,0.8883285675578217,0.9703941205242825
0.03577154308617234,0.7636047504210984,0.8442686191408477,0.8885015629486943,0.9705952499380295
0.035871743486973945,0.7636047504210984,0.8444071163569865,0.888674802274173,0.9707965726873898
0.035971943887775554,0.7636047504210984,0.8445459188041652,0.8888585091084323,0.9709980867502506
0.036072144288577156,0.7636047504210984,0.8446850258926998,0.8890431777357067,0.9711997901098429
0.03617234468937876,0.7636047504210984,0.8448371629323602,0.889228581980913,0.971401680754774
0.03627254509018036,0.7636047504210984,0.8449993977733161,0.8894147240636837,0.9716037566790545
0.03637274549098196,0.7636047504210984,0.8451622525036478,0.8896016062157623,0.9718060158821274
0.03647294589178357,0.7636047504210984,0.8453257287899484,0.8897892306810712,0.9720084563688962
0.03657314629258517,0.7636047504210984,0.8454898283073162,0.8899775997157783,0.9722110761497527
0.036673346693386774,0.7636047504210984,0.8456545527393962,0.8901667155883687,0.9724138732406047
0.036773547094188376,0.7636047504210984,0.8458199037784243,0.8903565805797103,0.9726121689058717
0.03687374749498998,0.7636047504210984,0.84598588312527,0.8905471969831267,0.972800859522226
0.03697394789579158,0.7636047504210984,0.8461524924894797,0.8907385671044651,0.9729902003963838
0.03707414829659319,0.7636047504210984,0.8463197335893209,0.8909306932621683,0.9731801927793527
0.03717434869739479,0.7636047504210984,0.8464876081518266,0.8911235777873455,0.9733708379275539
0.03727454909819639,0.7636047504210984,0.8466561179128393,0.8913172230238439,0.9735621371028421
0.037374749498997994,0.7636047504210984,0.8468252646170558,0.8915116313283217,0.973754091572526
0.037474949899799596,0.7636047504210984,0.8469950500180725,0.8917068050703203,0.9739467026093889
0.037575150300601205,0.7636047504210984,0.8471654758784306,0.891902746632338,0.9741399714917085
0.03767535070140281,0.7636047504210984,0.8473365439696621,0.892099458409904,0.974333899503278
0.03777555110220441,0.7636047504210984,0.8475082560723353,0.8922969428116527,0.9745284879334257
0.03787575150300601,0.7636047504210984,0.8476806139761018,0.8924952022593993,0.9747237380770372
0.03797595190380761,0.7636047504210984,0.8478536194797424,0.8926922149109782,0.9749196512345757
0.03807615230460922,0.7636047504210984,0.8480272743912147,0.8928731214045659,0.9751162287121019
0.038176352705410824,0.7636047504210984,0.8482015805276998,0.8930544550342606,0.9753134718212972
0.038276553106212426,0.7636047504210984,0.8483765397156505,0.8932362154526683,0.9755113818794832
0.03837675350701403,0.7636047504210984,0.848552153790839,0.8934184023120224,0.9757099602096435
0.03847695390781563,0.7636047504210984,0.8487284245984056,0.8936010152641866,0.975909208140446
0.03857715430861723,0.7636047504210984,0.8488920568915119,0.8937840539606586,0.9761091270062627
0.03867735470941884,0.7636047504210984,0.8490552493225325,0.8939675180525748,0.9763097181471935
0.03877755511022044,0.7636047504210984,0.8492188180002406,0.8941514071907122,0.9765109829090868
0.038877755511022044,0.7636047504210984,0.8493827626015735,0.8943357210254933,0.9767011530188664
0.038977955911823646,0.7636047504210984,0.8495470828031498,0.8945204592069895,0.9768892278194788
0.03907815631262525,0.7636047504210984,0.849711778281272,0.8947056213849239,0.9770777025466324
0.03917835671342686,0.7636047504210984,0.8498768487119306,0.8948912072086767,0.9772665766305704
0.03927855711422846,0.7636047504210984,0.8500422937708073,0.8950772163272865,0.9774558495010013
0.03937875751503006,0.7636047504210984,0.8502081131332782,0.8952636483894564,0.9776455205871051
0.03947895791583166,0.7636047504210984,0.8503743064744178,0.8954505030435556,0.9778355893175374
0.039579158316633264,0.7636047504210984,0.8505408734690013,0.8956377799376243,0.9780260551204372
0.039679358717434866,0.7636047504210984,0.8507078137915088,0.8958254787193769,0.97821691742343
0.039779559118236475,0.7636047504210984,0.8508751271161289,0.8960135990362056,0.9784081756536356
0.03987975951903808,0.7636047504210984,0.851042813116761,0.8962021405351842,0.9785998292376729
0.03997995991983968,0.7636047504210984,0.8512108714670199,0.8963911028630718,0.978791877601665
0.04008016032064128,0.7636047504210984,0.8513793018402382,0.8965804856663161,0.9789843201712454
0.04018036072144288,0.7636047504210984,0.8515481039094709,0.8967684634593368,0.9791771563715637
0.04028056112224449,0.7636047504210984,0.8517172773474974,0.8969551781571183,0.9793703856272908
0.040380761523046094,0.7636047504210984,0.8518868218268255,0.8971421002208771,0.979564007362625
0.040480961923847696,0.7636047504210984,0.8520567370196955,0.8973292283326196,0.9797580210012974
0.0405811623246493,0.7636047504210984,0.852227022598082,0.8975165611767202,0.9799524259665766
0.0406813627254509,0.7636047504210984,0.8523976782336995,0.89770409743994,0.980147221681276
0.04078156312625251,0.7636047504210984,0.8525687035980033,0.8978918358114419,0.9803424075677581
0.04088176352705411,0.7636047504210984,0.8527394580810926,0.8980797749828083,0.9805379830479408
0.04098196392785571,0.7636047504210984,0.8528962471431336,0.8982679136480566,0.9807348544336447
0.041082164328657314,0.7636047504210984,0.8530532888815185,0.8984562505036555,0.9809321141692713
0.041182364729458916,0.7636047504210984,0.853210582541304,0.8986447842485416,0.981129749509943
0.04128256513026052,0.7636047504210984,0.8533681273678125,0.8988335135841342,0.9813277597935918
0.04138276553106213,0.7636047504210984,0.8535259226066424,0.899022437214353,0.9815261443577735
0.04148296593186373,0.7636047504210984,0.8536839675036757,0.8992115538456316,0.9817249025396768
0.04158316633266533,0.7636047504210984,0.8538422613050892,0.8994008621869342,0.9819240336761297
0.04168336673346693,0.7636047504210984,0.8540008032573623,0.8995903609497711,0.9821235371036044
0.041783567134268534,0.7636047504210984,0.8541595926072869,0.8997800488482126,0.9823234121582264
0.04188376753507014,0.7636047504210984,0.8543186286019767,0.8999699245989061,0.9825236581757798
0.041983967935871745,0.7636047504210984,0.8544779104888759,0.9001599869210891,0.9827242744917137
0.04208416833667335,0.7636047504210984,0.8546374375157691,0.900350234536605,0.9829252604411497
0.04218436873747495,0.7636047504210984,0.8547972089307896,0.9005406661699179,0.983126615358888
0.04228456913827655,0.7636047504210984,0.854957223982429,0.9007436951860124,0.9833283385794144
0.04238476953907815,0.7636047504210984,0.8551174819195461,0.9009685124660015,0.9835304294369062
0.04248496993987976,0.7636047504210984,0.8552779819913761,0.9011942468499026,0.9837328872652398
0.042585170340681364,0.7636047504210984,0.855438723447539,0.9014209019934151,0.9839357113979962
0.042685370741482966,0.7636047504210984,0.8555997055380494,0.901648481574754,0.9841389011684686
0.04278557114228457,0.7636047504210984,0.855760927513325,0.9018769892948085,0.9843424559096685
0.04288577154308617,0.7636047504210984,0.8559223886241955,0.9021064288773013,0.9845463485306887
0.04298597194388778,0.7636047504210984,0.8560840881219113,0.902336804068952,0.9847500409942651
0.04308617234468938,0.7636047504210984,0.8562460252581522,0.9025681186396389,0.984953841115116
0.04318637274549098,0.7636047504210984,0.8564081992850375,0.9028003763825646,0.9851577473960834
0.043286573146292584,0.7636047504210984,0.8565706094551327,0.9030335811144211,0.9853617583448577
0.043386773547094186,0.7636047504210984,0.8567350804997944,0.9032677366755589,0.9855658724739873
0.043486973947895795,0.7636047504210984,0.8569437635326166,0.9035028469301545,0.9857700883008892
0.0435871743486974,0.7636047504210984,0.8571532432779501,0.9037389157663811,0.9859744043478599
0.043687374749499,0.7636047504210984,0.8573635225785191,0.9039759470965824,0.9861788191420836
0.0437875751503006,0.7636047504210984,0.8575746042930723,0.9042139448574429,0.9863833312156445
0.0438877755511022,0.7636047504210984,0.8577864912964845,0.9044529130101672,0.9865879391055334
0.043987975951903804,0.7636047504210984,0.8579991864798601,0.9046864336082336,0.9867926413536589
0.04408817635270541,0.7636047504210984,0.8582126927506353,0.9048865151028193,0.9869974365068552
0.044188376753507015,0.7636047504210984,0.8584270130326825,0.9050868268124813,0.987202323116892
0.04428857715430862,0.7636047504210984,0.8586421502664161,0.9052873676547608,0.9874072997404819
0.04438877755511022,0.7636047504210984,0.858858107408897,0.9054881365486896,0.9876123649392894
0.04448897795591182,0.7636047504210984,0.8590748874339406,0.9056891324148026,0.9878175172799395
0.04458917835671343,0.7636047504210984,0.8592924933322229,0.9058903541751501,0.9880227553340247
0.04468937875751503,0.7636047504210984,0.8595109281113901,0.9060918007533089,0.9882280776781134
0.044789579158316634,0.7636047504210984,0.8597301947961672,0.9062934710743948,0.9884334828937564
0.044889779559118236,0.7636047504210984,0.8599502964284685,0.9064953640650739,0.9886527366313358
0.04498997995991984,0.7636047504210984,0.8601712360675083,0.906697478653574,0.9888845475952316
0.04509018036072144,0.7636047504210984,0.8603930167899132,0.9068998137696966,0.9891172568132287
0.04519038076152305,0.7636047504210984,0.8606156416898343,0.9071023683448284,0.9893508677209768
0.04529058116232465,0.7636047504210984,0.8608115565248571,0.9073051413119521,0.9895853837743899
0.04539078156312625,0.7636047504210984,0.8609833518370311,0.9075081316056585,0.9898208084497829
0.045490981963927854,0.7636047504210984,0.8611553892217929,0.9077113381621568,0.9900571452440121
0.045591182364729456,0.7636047504210984,0.8613276679844254,0.9079147599192865,0.9902943976746134
0.045691382765531065,0.7636047504210984,0.861500187430638,0.9081183958165285,0.9905325692799445
0.04579158316633267,0.7636047504210984,0.8616729468665728,0.9083222447950156,0.9907716636193269
0.04589178356713427,0.7636047504210984,0.861845945598813,0.9085263057975435,0.9910116842731895
0.04599198396793587,0.7636047504210984,0.8620191829343901,0.908746227306917,0.9912526348432137
0.04609218436873747,0.7636047504210984,0.8621926581807904,0.9089902563174743,0.9914945189524782
0.04619238476953908,0.7636047504210984,0.8623663706459634,0.9092352353006256,0.991737340245608
0.04629258517034068,0.7636047504210984,0.8625403196383288,0.9094811679936213,0.9919811023889218
0.046392785571142285,0.7636047504210984,0.8627145044667832,0.9097280581559501,0.9922258090705813
0.04649298597194389,0.7636047504210984,0.8628889244407077,0.9099759095694923,0.9924714640007438
0.04659318637274549,0.7636047504210984,0.8630635788699753,0.9102247260386739,0.9926897162268636
0.04669338677354709,0.7636047504210984,0.8632384670649577,0.9104745113906243,0.9929010100605339
0.0467935871743487,0.7636047504210984,0.8634135883365324,0.9107252694753316,0.9931127059501926
0.0468937875751503,0.7636047504210984,0.8635889419960905,0.9109770041658031,0.9933248036046659
0.046993987975951904,0.7636047504210984,0.8637645273555425,0.9112297193582242,0.9935373027325809
0.047094188376753505,0.7636047504210984,0.8639403437273272,0.9114834189721209,0.9937502030423667
0.04719438877755511,0.7636047504210984,0.8641163904244167,0.9117381069505222,0.9939635042422589
0.047294589178356716,0.7636047504210984,0.8642926667603247,0.911993787260124,0.9941772060402995
0.04739478957915832,0.7636047504210984,0.8644691720491132,0.9122504638914556,0.9943913081443408
0.04749498997995992,0.7636047504210984,0.8646459056053997,0.9125081408590461,0.9946058102620471
0.04759519038076152,0.7636047504210984,0.8648594850834207,0.9127496893287068,0.9948207121008972
0.047695390781563124,0.7636047504210984,0.8650971429539397,0.9129732412087566,0.9950360133681863
0.04779559118236473,0.7636047504210984,0.8653356997623657,0.9131972454077862,0.9952517137710285
0.047895791583166335,0.7636047504210984,0.8655751589583164,0.9134217018449026,0.9954678130163594
0.04799599198396794,0.7636047504210984,0.8658155240113548,0.9136466104393631,0.995684310810938
0.04809619238476954,0.7636047504210984,0.8660567984111213,0.9138719711105783,0.9959012068613488
0.04819639278557114,0.7636047504210984,0.8662989856674703,0.9140977837781136,0.9961185008740047
0.04829659318637274,0.7636047504210984,0.8665420893106045,0.9143240483616908,0.9963361925551495
0.04839679358717435,0.7636047504210984,0.8667861128912137,0.9145507647811904,0.9965541613313375
0.04849699398797595,0.7636047504210984,0.8670310599806124,0.9147779329566536,0.9967717893565735
0.048597194388777555,0.7636047504210984,0.8672769341708788,0.9150055528082838,0.9969895356074391
0.04869739478957916,0.7636047504210984,0.8675237390749967,0.9152336242564488,0.9972073988675023
0.04879759519038076,0.7636047504210984,0.8677714783269964,0.9154621472216827,0.9974253779236781
0.04889779559118237,0.7636047504210984,0.868020155582098,0.9156911216246879,0.997643471566237
0.04899799599198397,0.7636047504210984,0.8682697745168553,0.9159205473863367,0.9978616785888113
0.04909819639278557,0.7636047504210984,0.8685203388293021,0.9161504244276734,0.9980799977884028
0.049198396793587174,0.7636047504210984,0.8687570295906797,0.9163807526699167,0.9982984279653901
0.049298597194388775,0.7636047504210984,0.8689498815061806,0.9166115320344604,0.9985169679235351
0.04939879759519038,0.7636047504210984,0.8691429044490633,0.9168314602675043,0.9987356164699897
0.049498997995991986,0.7636047504210984,0.8693360975319401,0.9170501769379262,0.9989543724153027
0.04959919839679359,0.7636047504210984,0.8695294598690658,0.9172690424993504,0.9991732345734267
0.04969939879759519,0.7636047504210984,0.8697229905763466,0.9174880558609755,0.999392201761724
0.04979959919839679,0.7636047504210984,0.8699166887713465,0.917707215934685,0.9996112728009733
0.049899799599198394,0.7636047504210984,0.8701105535732954,0.9179265216350536,0.9998304465153752
0.05,0.7636047504210984,0.8703045841030955,0.9181459718793555,1.00004972173256
