z_cm,r_cm,T_cell_HeV
0.002631578947368421,0.001973684210526316,0.4057017281596003
0.002631578947368421,0.007894736842105263,0.4057017281596003
0.002631578947368421,0.015789473684210527,0.40570172815960037
0.002631578947368421,0.02368421052631579,0.4057017281596003
0.002631578947368421,0.031578947368421054,0.4057017281596003
0.002631578947368421,0.039473684210526314,0.40570172815960026
0.002631578947368421,0.04736842105263158,0.4057017281595989
0.002631578947368421,0.05526315789473685,0.40570172815957756
0.002631578947368421,0.06315789473684211,0.40570172815926087
0.002631578947368421,0.07105263157894737,0.40570172815478356
0.002631578947368421,0.07894736842105263,0.4057017280949979
0.002631578947368421,0.0868421052631579,0.4057017273486492
0.002631578947368421,0.09473684210526316,0.40570171873795535
0.002631578947368421,0.10263157894736842,0.4057016281865836
0.002631578947368421,0.1105263157894737,0.4057007748217109
0.002631578947368421,0.11842105263157895,0.40569372106906504
0.002631578947368421,0.12631578947368421,0.4056439820513555
0.002631578947368421,0.13421052631578947,0.40535525141802353
0.002631578947368421,0.14210526315789473,0.404035904327941
0.002631578947368421,0.14802652412280703,0.018157675769040177
0.002631578947368421,0.15000087514943392,0.004488668439334928
0.002631578947368421,0.15000188414038368,9.207906682204224e-05
0.002631578947368421,0.15000309565325531,9.15284111363445e-05
0.002631578947368421,0.1500045503376986,9.152841113612906e-05
0.002631578947368421,0.1500062970024507,9.152841113612906e-05
0.002631578947368421,0.15000839425300583,9.152841113612906e-05
0.002631578947368421,0.15001091245799386,9.152841113612906e-05
0.002631578947368421,0.1500139361102446,9.152841113612906e-05
0.002631578947368421,0.1500175666617593,9.152841113612906e-05
0.002631578947368421,0.15002192592770922,9.152841113612906e-05
0.002631578947368421,0.15002716017367568,9.152841113612906e-05
0.002631578947368421,0.15003344502327012,9.152841113612906e-05
0.002631578947368421,0.15004099135079813,9.152841113612906e-05
0.002631578947368421,0.15005005235668284,9.152841113612906e-05
0.002631578947368421,0.15006093206304838,9.152841113612906e-05
0.002631578947368421,0.15007399551451345,9.152841113612906e-05
0.002631578947368421,0.1500896810264609,9.152841113612906e-05
0.002631578947368421,0.15010851489174606,9.152841113612906e-05
0.002631578947368421,0.1501311290392963,9.152841113612906e-05
0.002631578947368421,0.1501582822370961,9.152841113612906e-05
0.002631578947368421,0.1501908855509782,9.152841113612906e-05
0.002631578947368421,0.15023003291343373,9.152841113612906e-05
0.002631578947368421,0.15027703782811092,9.152841113612906e-05
0.002631578947368421,0.15033347744154132,9.152841113612906e-05
0.002631578947368421,0.15040124546082298,9.152841113612906e-05
0.002631578947368421,0.15048261569279703,9.152841113612906e-05
0.002631578947368421,0.15058031833663543,9.152841113612906e-05
0.002631578947368421,0.1506976315896695,9.152841113612906e-05
0.002631578947368421,0.15083849164009147,9.152841113612906e-05
0.002631578947368421,0.1510076247370922,9.152841113612906e-05
0.002631578947368421,0.15121070576975804,9.152841113612906e-05
0.002631578947368421,0.15145454867549307,9.152841113612906e-05
0.002631578947368421,0.15174733506670246,9.152841113612906e-05
0.002631578947368421,0.15209888874680239,9.152841113612906e-05
0.002631578947368421,0.15239534869124122,9.152841113612906e-05
0.010526315789473684,0.001973684210526316,0.3103475067800398
0.010526315789473684,0.007894736842105263,0.3103475067800398
0.010526315789473684,0.015789473684210527,0.3103475067800398
0.010526315789473684,0.02368421052631579,0.31034750678003975
0.010526315789473684,0.031578947368421054,0.31034750678003975
0.010526315789473684,0.039473684210526314,0.31034750678003936
0.010526315789473684,0.04736842105263158,0.31034750678003276
0.010526315789473684,0.05526315789473685,0.3103475067799287
0.010526315789473684,0.06315789473684211,0.31034750677835704
0.010526315789473684,0.07105263157894737,0.3103475067557036
0.010526315789473684,0.07894736842105263,0.31034750644690257
0.010526315789473684,0.0868421052631579,0.3103475025053203
0.010526315789473684,0.09473684210526316,0.3103474559321742
0.010526315789473684,0.10263157894736842,0.3103469534550782
0.010526315789473684,0.1105263157894737,0.310342086454442
0.010526315789473684,0.11842105263157895,0.3103006561279322
0.010526315789473684,0.12631578947368421,0.30999868778692363
0.010526315789473684,0.13421052631578947,0.3081590402360179
0.010526315789473684,0.14210526315789473,0.29858806701051
0.010526315789473684,0.14802652412280703,0.05301383524835297
0.010526315789473684,0.15000087514943392,0.05025141593991846
0.010526315789473684,0.15000188414038368,0.0022225480036922596
0.010526315789473684,0.15000309565325531,0.0002585200129491678
0.010526315789473684,0.1500045503376986,0.0002585196419877916
0.010526315789473684,0.1500062970024507,0.00025851964198779146
0.010526315789473684,0.15000839425300583,0.00025851964198779146
0.010526315789473684,0.15001091245799386,0.0002585196419877915
0.010526315789473684,0.1500139361102446,0.00025851964198779146
0.010526315789473684,0.1500175666617593,0.00025851964198779146
0.010526315789473684,0.15002192592770922,0.00025851964198779146
0.010526315789473684,0.15002716017367568,0.00025851964198779146
0.010526315789473684,0.15003344502327012,0.00025851964198779146
0.010526315789473684,0.15004099135079813,0.00025851964198779146
0.010526315789473684,0.15005005235668284,0.00025851964198779146
0.010526315789473684,0.15006093206304838,0.00025851964198779146
0.010526315789473684,0.15007399551451345,0.0002585196419877915
0.010526315789473684,0.1500896810264609,0.00025851964198779146
0.010526315789473684,0.15010851489174606,0.00025851964198779146
0.010526315789473684,0.1501311290392963,0.00025851964198779146
0.010526315789473684,0.1501582822370961,0.00025851964198779146
0.010526315789473684,0.1501908855509782,0.00025851964198779146
0.010526315789473684,0.15023003291343373,0.00025851964198779146
0.010526315789473684,0.15027703782811092,0.00025851964198779146
0.010526315789473684,0.15033347744154132,0.00025851964198779146
0.010526315789473684,0.15040124546082298,0.00025851964198779146
0.010526315789473684,0.15048261569279703,0.00025851964198779146
0.010526315789473684,0.15058031833663543,0.0002585196419877915
0.010526315789473684,0.1506976315896695,0.00025851964198779146
0.010526315789473684,0.15083849164009147,0.00025851964198779146
0.010526315789473684,0.1510076247370922,0.00025851964198779146
0.010526315789473684,0.15121070576975804,0.00025851964198779146
0.010526315789473684,0.15145454867549307,0.0002585196419877915
0.010526315789473684,0.15174733506670246,0.00025851964198779146
0.010526315789473684,0.15209888874680239,0.00025851964198779146
0.010526315789473684,0.15239534869124122,0.0002585196419877916
0.021052631578947368,0.001973684210526316,0.021973480912487856
0.021052631578947368,0.007894736842105263,0.021973480912487856
0.021052631578947368,0.015789473684210527,0.021973480912487863
0.021052631578947368,0.02368421052631579,0.02197348091248785
0.021052631578947368,0.031578947368421054,0.021973480912487877
0.021052631578947368,0.039473684210526314,0.021973480912487863
0.021052631578947368,0.04736842105263158,0.02197348091248762
0.021052631578947368,0.05526315789473685,0.02197348091248366
0.021052631578947368,0.06315789473684211,0.02197348091241934
0.021052631578947368,0.07105263157894737,0.021973480911416
0.021052631578947368,0.07894736842105263,0.021973480896465242
0.021052631578947368,0.0868421052631579,0.021973480685319395
0.021052631578947368,0.09473684210526316,0.021973477883918662
0.021052631578947368,0.10263157894736842,0.021973443320093336
0.021052631578947368,0.1105263157894737,0.021973051511206338
0.021052631578947368,0.11842105263157895,0.02196903015171895
0.021052631578947368,0.12631578947368421,0.021932317075623993
0.021052631578947368,0.13421052631578947,0.021639901345366634
0.021052631578947368,0.14210526315789473,0.01962423148418143
0.021052631578947368,0.14802652412280703,0.0002588402179140491
0.021052631578947368,0.15000087514943392,0.0002585197245737682
0.021052631578947368,0.15000188414038368,0.00025851964198779693
0.021052631578947368,0.15000309565325531,0.00025851964198779146
0.021052631578947368,0.1500045503376986,0.00025851964198779146
0.021052631578947368,0.1500062970024507,0.00025851964198779146
0.021052631578947368,0.15000839425300583,0.00025851964198779146
0.021052631578947368,0.15001091245799386,0.00025851964198779146
0.021052631578947368,0.1500139361102446,0.00025851964198779146
0.021052631578947368,0.1500175666617593,0.00025851964198779146
0.021052631578947368,0.15002192592770922,0.00025851964198779146
0.021052631578947368,0.15002716017367568,0.0002585196419877915
0.021052631578947368,0.15003344502327012,0.00025851964198779146
0.021052631578947368,0.15004099135079813,0.00025851964198779146
0.021052631578947368,0.15005005235668284,0.00025851964198779146
0.021052631578947368,0.15006093206304838,0.00025851964198779146
0.021052631578947368,0.15007399551451345,0.0002585196419877915
0.021052631578947368,0.1500896810264609,0.00025851964198779146
0.021052631578947368,0.15010851489174606,0.00025851964198779146
0.021052631578947368,0.1501311290392963,0.00025851964198779146
0.021052631578947368,0.1501582822370961,0.00025851964198779146
0.021052631578947368,0.1501908855509782,0.00025851964198779146
0.021052631578947368,0.15023003291343373,0.00025851964198779146
0.021052631578947368,0.15027703782811092,0.00025851964198779146
0.021052631578947368,0.15033347744154132,0.0002585196419877915
0.021052631578947368,0.15040124546082298,0.00025851964198779146
0.021052631578947368,0.15048261569279703,0.00025851964198779146
0.021052631578947368,0.15058031833663543,0.00025851964198779146
0.021052631578947368,0.1506976315896695,0.00025851964198779146
0.021052631578947368,0.15083849164009147,0.00025851964198779146
0.021052631578947368,0.1510076247370922,0.00025851964198779146
0.021052631578947368,0.15121070576975804,0.00025851964198779146
0.021052631578947368,0.15145454867549307,0.0002585196419877915
0.021052631578947368,0.15174733506670246,0.00025851964198779146
0.021052631578947368,0.15209888874680239,0.00025851964198779146
0.021052631578947368,0.15239534869124122,0.0002585196419877916
0.031578947368421054,0.001973684210526316,0.000258521186931225
0.031578947368421054,0.007894736842105263,0.000258521186931225
0.031578947368421054,0.015789473684210527,0.000258521186931225
0.031578947368421054,0.02368421052631579,0.000258521186931225
0.031578947368421054,0.031578947368421054,0.000258521186931225
0.031578947368421054,0.039473684210526314,0.000258521186931225
0.031578947368421054,0.04736842105263158,0.000258521186931225
0.031578947368421054,0.05526315789473685,0.000258521186931225
0.031578947368421054,0.06315789473684211,0.00025852118693122484
0.031578947368421054,0.07105263157894737,0.0002585211869312248
0.031578947368421054,0.07894736842105263,0.00025852118693122153
0.031578947368421054,0.0868421052631579,0.000258521186931174
0.031578947368421054,0.09473684210526316,0.0002585211869305045
0.031578947368421054,0.10263157894736842,0.00025852118692169465
0.031578947368421054,0.1105263157894737,0.0002585211868145185
0.031578947368421054,0.11842105263157895,0.00025852118562698666
0.031578947368421054,0.12631578947368421,0.00025852117388844623
0.031578947368421054,0.13421052631578947,0.00025852107491072
0.031578947368421054,0.14210526315789473,0.0002585204860335695
0.031578947368421054,0.14802652412280703,0.0002585196419877917
0.031578947368421054,0.15000087514943392,0.00025851964198779146
0.031578947368421054,0.15000188414038368,0.00025851964198779146
0.031578947368421054,0.15000309565325531,0.00025851964198779146
0.031578947368421054,0.1500045503376986,0.00025851964198779146
0.031578947368421054,0.1500062970024507,0.00025851964198779146
0.031578947368421054,0.15000839425300583,0.00025851964198779146
0.031578947368421054,0.15001091245799386,0.00025851964198779146
0.031578947368421054,0.1500139361102446,0.00025851964198779146
0.031578947368421054,0.1500175666617593,0.00025851964198779146
0.031578947368421054,0.15002192592770922,0.00025851964198779146
0.031578947368421054,0.15002716017367568,0.0002585196419877915
0.031578947368421054,0.15003344502327012,0.00025851964198779146
0.031578947368421054,0.15004099135079813,0.00025851964198779146
0.031578947368421054,0.15005005235668284,0.00025851964198779146
0.031578947368421054,0.15006093206304838,0.00025851964198779146
0.031578947368421054,0.15007399551451345,0.0002585196419877915
0.031578947368421054,0.1500896810264609,0.00025851964198779146
0.031578947368421054,0.15010851489174606,0.00025851964198779146
0.031578947368421054,0.1501311290392963,0.00025851964198779146
0.031578947368421054,0.1501582822370961,0.00025851964198779146
0.031578947368421054,0.1501908855509782,0.00025851964198779146
0.031578947368421054,0.15023003291343373,0.00025851964198779146
0.031578947368421054,0.15027703782811092,0.00025851964198779146
0.031578947368421054,0.15033347744154132,0.0002585196419877915
0.031578947368421054,0.15040124546082298,0.00025851964198779146
0.031578947368421054,0.15048261569279703,0.00025851964198779146
0.031578947368421054,0.15058031833663543,0.0002585196419877915
0.031578947368421054,0.1506976315896695,0.00025851964198779146
0.031578947368421054,0.15083849164009147,0.00025851964198779146
0.031578947368421054,0.1510076247370922,0.00025851964198779146
0.031578947368421054,0.15121070576975804,0.00025851964198779146
0.031578947368421054,0.15145454867549307,0.0002585196419877916
0.031578947368421054,0.15174733506670246,0.00025851964198779146
0.031578947368421054,0.15209888874680239,0.00025851964198779146
0.031578947368421054,0.15239534869124122,0.0002585196419877916
0.042105263157894736,0.001973684210526316,0.0002585196419877916
0.042105263157894736,0.007894736842105263,0.0002585196419877916
0.042105263157894736,0.015789473684210527,0.0002585196419877916
0.042105263157894736,0.02368421052631579,0.0002585196419877916
0.042105263157894736,0.031578947368421054,0.0002585196419877916
0.042105263157894736,0.039473684210526314,0.0002585196419877916
0.042105263157894736,0.04736842105263158,0.0002585196419877916
0.042105263157894736,0.05526315789473685,0.0002585196419877916
0.042105263157894736,0.06315789473684211,0.0002585196419877916
0.042105263157894736,0.07105263157894737,0.0002585196419877916
0.042105263157894736,0.07894736842105263,0.0002585196419877916
0.042105263157894736,0.0868421052631579,0.0002585196419877916
0.042105263157894736,0.09473684210526316,0.0002585196419877916
0.042105263157894736,0.10263157894736842,0.0002585196419877916
0.042105263157894736,0.1105263157894737,0.0002585196419877916
0.042105263157894736,0.11842105263157895,0.0002585196419877916
0.042105263157894736,0.12631578947368421,0.0002585196419877916
0.042105263157894736,0.13421052631578947,0.0002585196419877916
0.042105263157894736,0.14210526315789473,0.0002585196419877916
0.042105263157894736,0.14802652412280703,0.0002585196419877916
0.042105263157894736,0.15000087514943392,0.0002585196419877915
0.042105263157894736,0.15000188414038368,0.00025851964198779146
0.042105263157894736,0.15000309565325531,0.00025851964198779146
0.042105263157894736,0.1500045503376986,0.00025851964198779146
0.042105263157894736,0.1500062970024507,0.00025851964198779146
0.042105263157894736,0.15000839425300583,0.00025851964198779146
0.042105263157894736,0.15001091245799386,0.00025851964198779146
0.042105263157894736,0.1500139361102446,0.00025851964198779146
0.042105263157894736,0.1500175666617593,0.00025851964198779146
0.042105263157894736,0.15002192592770922,0.00025851964198779146
0.042105263157894736,0.15002716017367568,0.00025851964198779146
0.042105263157894736,0.15003344502327012,0.00025851964198779146
0.042105263157894736,0.15004099135079813,0.0002585196419877915
0.042105263157894736,0.15005005235668284,0.00025851964198779146
0.042105263157894736,0.15006093206304838,0.0002585196419877915
0.042105263157894736,0.15007399551451345,0.0002585196419877915
0.042105263157894736,0.1500896810264609,0.00025851964198779146
0.042105263157894736,0.15010851489174606,0.00025851964198779146
0.042105263157894736,0.1501311290392963,0.00025851964198779146
0.042105263157894736,0.1501582822370961,0.00025851964198779146
0.042105263157894736,0.1501908855509782,0.00025851964198779146
0.042105263157894736,0.15023003291343373,0.0002585196419877915
0.042105263157894736,0.15027703782811092,0.0002585196419877915
0.042105263157894736,0.15033347744154132,0.00025851964198779146
0.042105263157894736,0.15040124546082298,0.0002585196419877915
0.042105263157894736,0.15048261569279703,0.0002585196419877915
0.042105263157894736,0.15058031833663543,0.0002585196419877915
0.042105263157894736,0.1506976315896695,0.00025851964198779146
0.042105263157894736,0.15083849164009147,0.00025851964198779146
0.042105263157894736,0.1510076247370922,0.00025851964198779146
0.042105263157894736,0.15121070576975804,0.00025851964198779146
0.042105263157894736,0.15145454867549307,0.0002585196419877916
0.042105263157894736,0.15174733506670246,0.00025851964198779146
0.042105263157894736,0.15209888874680239,0.00025851964198779146
0.042105263157894736,0.15239534869124122,0.0002585196419877916
0.05263157894736842,0.001973684210526316,0.0002585196419877916
0.05263157894736842,0.007894736842105263,0.0002585196419877916
0.05263157894736842,0.015789473684210527,0.0002585196419877916
0.05263157894736842,0.02368421052631579,0.0002585196419877916
0.05263157894736842,0.031578947368421054,0.0002585196419877916
0.05263157894736842,0.039473684210526314,0.0002585196419877916
0.05263157894736842,0.04736842105263158,0.0002585196419877916
0.05263157894736842,0.05526315789473685,0.0002585196419877916
0.05263157894736842,0.06315789473684211,0.0002585196419877916
0.05263157894736842,0.07105263157894737,0.0002585196419877916
0.05263157894736842,0.07894736842105263,0.0002585196419877916
0.05263157894736842,0.0868421052631579,0.0002585196419877916
0.05263157894736842,0.09473684210526316,0.0002585196419877916
0.05263157894736842,0.10263157894736842,0.0002585196419877916
0.05263157894736842,0.1105263157894737,0.0002585196419877916
0.05263157894736842,0.11842105263157895,0.0002585196419877916
0.05263157894736842,0.12631578947368421,0.00025851964198779156
0.05263157894736842,0.13421052631578947,0.0002585196419877916
0.05263157894736842,0.14210526315789473,0.00025851964198779156
0.05263157894736842,0.14802652412280703,0.0002585196419877916
0.05263157894736842,0.15000087514943392,0.0002585196419877915
0.05263157894736842,0.15000188414038368,0.00025851964198779146
0.05263157894736842,0.15000309565325531,0.00025851964198779146
0.05263157894736842,0.1500045503376986,0.00025851964198779146
0.05263157894736842,0.1500062970024507,0.00025851964198779146
0.05263157894736842,0.15000839425300583,0.00025851964198779146
0.05263157894736842,0.15001091245799386,0.0002585196419877915
0.05263157894736842,0.1500139361102446,0.00025851964198779146
0.05263157894736842,0.1500175666617593,0.00025851964198779146
0.05263157894736842,0.15002192592770922,0.00025851964198779146
0.05263157894736842,0.15002716017367568,0.0002585196419877915
0.05263157894736842,0.15003344502327012,0.00025851964198779146
0.05263157894736842,0.15004099135079813,0.00025851964198779146
0.05263157894736842,0.15005005235668284,0.00025851964198779146
0.05263157894736842,0.15006093206304838,0.0002585196419877915
0.05263157894736842,0.15007399551451345,0.0002585196419877915
0.05263157894736842,0.1500896810264609,0.00025851964198779146
0.05263157894736842,0.15010851489174606,0.00025851964198779146
0.05263157894736842,0.1501311290392963,0.00025851964198779146
0.05263157894736842,0.1501582822370961,0.00025851964198779146
0.05263157894736842,0.1501908855509782,0.00025851964198779146
0.05263157894736842,0.15023003291343373,0.00025851964198779146
0.05263157894736842,0.15027703782811092,0.00025851964198779146
0.05263157894736842,0.15033347744154132,0.00025851964198779146
0.05263157894736842,0.15040124546082298,0.0002585196419877915
0.05263157894736842,0.15048261569279703,0.00025851964198779146
0.05263157894736842,0.15058031833663543,0.00025851964198779146
0.05263157894736842,0.1506976315896695,0.00025851964198779146
0.05263157894736842,0.15083849164009147,0.00025851964198779146
0.05263157894736842,0.1510076247370922,0.00025851964198779146
0.05263157894736842,0.15121070576975804,0.00025851964198779146
0.05263157894736842,0.15145454867549307,0.0002585196419877916
0.05263157894736842,0.15174733506670246,0.00025851964198779146
0.05263157894736842,0.15209888874680239,0.00025851964198779146
0.05263157894736842,0.15239534869124122,0.0002585196419877916
0.06315789473684211,0.001973684210526316,0.0002585196419877916
0.06315789473684211,0.007894736842105263,0.0002585196419877916
0.06315789473684211,0.015789473684210527,0.0002585196419877916
0.06315789473684211,0.02368421052631579,0.0002585196419877916
0.06315789473684211,0.031578947368421054,0.0002585196419877916
0.06315789473684211,0.039473684210526314,0.0002585196419877916
0.06315789473684211,0.04736842105263158,0.0002585196419877916
0.06315789473684211,0.05526315789473685,0.0002585196419877916
0.06315789473684211,0.06315789473684211,0.0002585196419877916
0.06315789473684211,0.07105263157894737,0.0002585196419877916
0.06315789473684211,0.07894736842105263,0.0002585196419877916
0.06315789473684211,0.0868421052631579,0.0002585196419877916
0.06315789473684211,0.09473684210526316,0.0002585196419877916
0.06315789473684211,0.10263157894736842,0.0002585196419877916
0.06315789473684211,0.1105263157894737,0.0002585196419877916
0.06315789473684211,0.11842105263157895,0.0002585196419877916
0.06315789473684211,0.12631578947368421,0.0002585196419877916
0.06315789473684211,0.13421052631578947,0.0002585196419877916
0.06315789473684211,0.14210526315789473,0.0002585196419877916
0.06315789473684211,0.14802652412280703,0.0002585196419877916
0.06315789473684211,0.15000087514943392,0.0002585196419877915
0.06315789473684211,0.15000188414038368,0.00025851964198779146
0.06315789473684211,0.15000309565325531,0.00025851964198779146
0.06315789473684211,0.1500045503376986,0.00025851964198779146
0.06315789473684211,0.1500062970024507,0.00025851964198779146
0.06315789473684211,0.15000839425300583,0.00025851964198779146
0.06315789473684211,0.15001091245799386,0.0002585196419877915
0.06315789473684211,0.1500139361102446,0.00025851964198779146
0.06315789473684211,0.1500175666617593,0.00025851964198779146
0.06315789473684211,0.15002192592770922,0.00025851964198779146
0.06315789473684211,0.15002716017367568,0.0002585196419877915
0.06315789473684211,0.15003344502327012,0.00025851964198779146
0.06315789473684211,0.15004099135079813,0.00025851964198779146
0.06315789473684211,0.15005005235668284,0.00025851964198779146
0.06315789473684211,0.15006093206304838,0.0002585196419877915
0.06315789473684211,0.15007399551451345,0.0002585196419877915
0.06315789473684211,0.1500896810264609,0.00025851964198779146
0.06315789473684211,0.15010851489174606,0.00025851964198779146
0.06315789473684211,0.1501311290392963,0.00025851964198779146
0.06315789473684211,0.1501582822370961,0.00025851964198779146
0.06315789473684211,0.1501908855509782,0.00025851964198779146
0.06315789473684211,0.15023003291343373,0.00025851964198779146
0.06315789473684211,0.15027703782811092,0.00025851964198779146
0.06315789473684211,0.15033347744154132,0.00025851964198779146
0.06315789473684211,0.15040124546082298,0.0002585196419877915
0.06315789473684211,0.15048261569279703,0.00025851964198779146
0.06315789473684211,0.15058031833663543,0.00025851964198779146
0.06315789473684211,0.1506976315896695,0.00025851964198779146
0.06315789473684211,0.15083849164009147,0.00025851964198779146
0.06315789473684211,0.1510076247370922,0.00025851964198779146
0.06315789473684211,0.15121070576975804,0.00025851964198779146
0.06315789473684211,0.15145454867549307,0.0002585196419877915
0.06315789473684211,0.15174733506670246,0.00025851964198779146
0.06315789473684211,0.15209888874680239,0.00025851964198779146
0.06315789473684211,0.15239534869124122,0.0002585196419877916
0.07368421052631578,0.001973684210526316,0.0002585196419877916
0.07368421052631578,0.007894736842105263,0.0002585196419877916
0.07368421052631578,0.015789473684210527,0.0002585196419877916
0.07368421052631578,0.02368421052631579,0.0002585196419877916
0.07368421052631578,0.031578947368421054,0.0002585196419877916
0.07368421052631578,0.039473684210526314,0.0002585196419877916
0.07368421052631578,0.04736842105263158,0.0002585196419877916
0.07368421052631578,0.05526315789473685,0.0002585196419877916
0.07368421052631578,0.06315789473684211,0.0002585196419877916
0.07368421052631578,0.07105263157894737,0.0002585196419877916
0.07368421052631578,0.07894736842105263,0.0002585196419877916
0.07368421052631578,0.0868421052631579,0.0002585196419877916
0.07368421052631578,0.09473684210526316,0.0002585196419877916
0.07368421052631578,0.10263157894736842,0.0002585196419877916
0.07368421052631578,0.1105263157894737,0.0002585196419877916
0.07368421052631578,0.11842105263157895,0.0002585196419877916
0.07368421052631578,0.12631578947368421,0.0002585196419877916
0.07368421052631578,0.13421052631578947,0.0002585196419877916
0.07368421052631578,0.14210526315789473,0.0002585196419877916
0.07368421052631578,0.14802652412280703,0.0002585196419877916
0.07368421052631578,0.15000087514943392,0.0002585196419877915
0.07368421052631578,0.15000188414038368,0.00025851964198779146
0.07368421052631578,0.15000309565325531,0.00025851964198779146
0.07368421052631578,0.1500045503376986,0.00025851964198779146
0.07368421052631578,0.1500062970024507,0.00025851964198779146
0.07368421052631578,0.15000839425300583,0.00025851964198779146
0.07368421052631578,0.15001091245799386,0.0002585196419877915
0.07368421052631578,0.1500139361102446,0.00025851964198779146
0.07368421052631578,0.1500175666617593,0.00025851964198779146
0.07368421052631578,0.15002192592770922,0.00025851964198779146
0.07368421052631578,0.15002716017367568,0.00025851964198779146
0.07368421052631578,0.15003344502327012,0.0002585196419877915
0.07368421052631578,0.15004099135079813,0.00025851964198779146
0.07368421052631578,0.15005005235668284,0.00025851964198779146
0.07368421052631578,0.15006093206304838,0.00025851964198779146
0.07368421052631578,0.15007399551451345,0.0002585196419877915
0.07368421052631578,0.1500896810264609,0.00025851964198779146
0.07368421052631578,0.15010851489174606,0.00025851964198779146
0.07368421052631578,0.1501311290392963,0.00025851964198779146
0.07368421052631578,0.1501582822370961,0.00025851964198779146
0.07368421052631578,0.1501908855509782,0.00025851964198779146
0.07368421052631578,0.15023003291343373,0.00025851964198779146
0.07368421052631578,0.15027703782811092,0.00025851964198779146
0.07368421052631578,0.15033347744154132,0.00025851964198779146
0.07368421052631578,0.15040124546082298,0.0002585196419877915
0.07368421052631578,0.15048261569279703,0.00025851964198779146
0.07368421052631578,0.15058031833663543,0.0002585196419877915
0.07368421052631578,0.1506976315896695,0.00025851964198779146
0.07368421052631578,0.15083849164009147,0.00025851964198779146
0.07368421052631578,0.1510076247370922,0.00025851964198779146
0.07368421052631578,0.15121070576975804,0.00025851964198779146
0.07368421052631578,0.15145454867549307,0.0002585196419877915
0.07368421052631578,0.15174733506670246,0.00025851964198779146
0.07368421052631578,0.15209888874680239,0.00025851964198779146
0.07368421052631578,0.15239534869124122,0.0002585196419877916
0.08421052631578947,0.001973684210526316,0.0002585196419877916
0.08421052631578947,0.007894736842105263,0.0002585196419877916
0.08421052631578947,0.015789473684210527,0.0002585196419877916
0.08421052631578947,0.02368421052631579,0.0002585196419877916
0.08421052631578947,0.031578947368421054,0.0002585196419877916
0.08421052631578947,0.039473684210526314,0.0002585196419877916
0.08421052631578947,0.04736842105263158,0.0002585196419877916
0.08421052631578947,0.05526315789473685,0.0002585196419877916
0.08421052631578947,0.06315789473684211,0.0002585196419877916
0.08421052631578947,0.07105263157894737,0.0002585196419877916
0.08421052631578947,0.07894736842105263,0.0002585196419877916
0.08421052631578947,0.0868421052631579,0.0002585196419877916
0.08421052631578947,0.09473684210526316,0.0002585196419877916
0.08421052631578947,0.10263157894736842,0.0002585196419877916
0.08421052631578947,0.1105263157894737,0.0002585196419877916
0.08421052631578947,0.11842105263157895,0.0002585196419877916
0.08421052631578947,0.12631578947368421,0.00025851964198779156
0.08421052631578947,0.13421052631578947,0.0002585196419877916
0.08421052631578947,0.14210526315789473,0.00025851964198779156
0.08421052631578947,0.14802652412280703,0.0002585196419877917
0.08421052631578947,0.15000087514943392,0.00025851964198779146
0.08421052631578947,0.15000188414038368,0.00025851964198779146
0.08421052631578947,0.15000309565325531,0.00025851964198779146
0.08421052631578947,0.1500045503376986,0.00025851964198779146
0.08421052631578947,0.1500062970024507,0.00025851964198779146
0.08421052631578947,0.15000839425300583,0.00025851964198779146
0.08421052631578947,0.15001091245799386,0.0002585196419877915
0.08421052631578947,0.1500139361102446,0.00025851964198779146
0.08421052631578947,0.1500175666617593,0.00025851964198779146
0.08421052631578947,0.15002192592770922,0.00025851964198779146
0.08421052631578947,0.15002716017367568,0.0002585196419877915
0.08421052631578947,0.15003344502327012,0.00025851964198779146
0.08421052631578947,0.15004099135079813,0.00025851964198779146
0.08421052631578947,0.15005005235668284,0.00025851964198779146
0.08421052631578947,0.15006093206304838,0.00025851964198779146
0.08421052631578947,0.15007399551451345,0.0002585196419877915
0.08421052631578947,0.1500896810264609,0.00025851964198779146
0.08421052631578947,0.15010851489174606,0.00025851964198779146
0.08421052631578947,0.1501311290392963,0.00025851964198779146
0.08421052631578947,0.1501582822370961,0.00025851964198779146
0.08421052631578947,0.1501908855509782,0.00025851964198779146
0.08421052631578947,0.15023003291343373,0.00025851964198779146
0.08421052631578947,0.15027703782811092,0.00025851964198779146
0.08421052631578947,0.15033347744154132,0.0002585196419877915
0.08421052631578947,0.15040124546082298,0.0002585196419877915
0.08421052631578947,0.15048261569279703,0.0002585196419877915
0.08421052631578947,0.15058031833663543,0.00025851964198779146
0.08421052631578947,0.1506976315896695,0.00025851964198779146
0.08421052631578947,0.15083849164009147,0.00025851964198779146
0.08421052631578947,0.1510076247370922,0.00025851964198779146
0.08421052631578947,0.15121070576975804,0.00025851964198779146
0.08421052631578947,0.15145454867549307,0.0002585196419877915
0.08421052631578947,0.15174733506670246,0.00025851964198779146
0.08421052631578947,0.15209888874680239,0.00025851964198779146
0.08421052631578947,0.15239534869124122,0.0002585196419877916
0.09473684210526316,0.001973684210526316,0.0002585196419877916
0.09473684210526316,0.007894736842105263,0.0002585196419877916
0.09473684210526316,0.015789473684210527,0.0002585196419877916
0.09473684210526316,0.02368421052631579,0.0002585196419877916
0.09473684210526316,0.031578947368421054,0.0002585196419877916
0.09473684210526316,0.039473684210526314,0.0002585196419877916
0.09473684210526316,0.04736842105263158,0.0002585196419877916
0.09473684210526316,0.05526315789473685,0.0002585196419877916
0.09473684210526316,0.06315789473684211,0.0002585196419877916
0.09473684210526316,0.07105263157894737,0.0002585196419877916
0.09473684210526316,0.07894736842105263,0.0002585196419877916
0.09473684210526316,0.0868421052631579,0.0002585196419877916
0.09473684210526316,0.09473684210526316,0.0002585196419877916
0.09473684210526316,0.10263157894736842,0.0002585196419877916
0.09473684210526316,0.1105263157894737,0.0002585196419877916
0.09473684210526316,0.11842105263157895,0.0002585196419877916
0.09473684210526316,0.12631578947368421,0.0002585196419877916
0.09473684210526316,0.13421052631578947,0.0002585196419877916
0.09473684210526316,0.14210526315789473,0.00025851964198779156
0.09473684210526316,0.14802652412280703,0.0002585196419877917
0.09473684210526316,0.15000087514943392,0.00025851964198779146
0.09473684210526316,0.15000188414038368,0.00025851964198779146
0.09473684210526316,0.15000309565325531,0.00025851964198779146
0.09473684210526316,0.1500045503376986,0.00025851964198779146
0.09473684210526316,0.1500062970024507,0.00025851964198779146
0.09473684210526316,0.15000839425300583,0.00025851964198779146
0.09473684210526316,0.15001091245799386,0.0002585196419877915
0.09473684210526316,0.1500139361102446,0.00025851964198779146
0.09473684210526316,0.1500175666617593,0.00025851964198779146
0.09473684210526316,0.15002192592770922,0.00025851964198779146
0.09473684210526316,0.15002716017367568,0.0002585196419877915
0.09473684210526316,0.15003344502327012,0.00025851964198779146
0.09473684210526316,0.15004099135079813,0.00025851964198779146
0.09473684210526316,0.15005005235668284,0.00025851964198779146
0.09473684210526316,0.15006093206304838,0.00025851964198779146
0.09473684210526316,0.15007399551451345,0.0002585196419877915
0.09473684210526316,0.1500896810264609,0.00025851964198779146
0.09473684210526316,0.15010851489174606,0.00025851964198779146
0.09473684210526316,0.1501311290392963,0.00025851964198779146
0.09473684210526316,0.1501582822370961,0.00025851964198779146
0.09473684210526316,0.1501908855509782,0.00025851964198779146
0.09473684210526316,0.15023003291343373,0.00025851964198779146
0.09473684210526316,0.15027703782811092,0.00025851964198779146
0.09473684210526316,0.15033347744154132,0.0002585196419877915
0.09473684210526316,0.15040124546082298,0.0002585196419877915
0.09473684210526316,0.15048261569279703,0.0002585196419877915
0.09473684210526316,0.15058031833663543,0.00025851964198779146
0.09473684210526316,0.1506976315896695,0.00025851964198779146
0.09473684210526316,0.15083849164009147,0.00025851964198779146
0.09473684210526316,0.1510076247370922,0.00025851964198779146
0.09473684210526316,0.15121070576975804,0.00025851964198779146
0.09473684210526316,0.15145454867549307,0.0002585196419877915
0.09473684210526316,0.15174733506670246,0.00025851964198779146
0.09473684210526316,0.15209888874680239,0.00025851964198779146
0.09473684210526316,0.15239534869124122,0.0002585196419877916
0.10526315789473684,0.001973684210526316,0.0002585196419877916
0.10526315789473684,0.007894736842105263,0.0002585196419877916
0.10526315789473684,0.015789473684210527,0.0002585196419877916
0.10526315789473684,0.02368421052631579,0.0002585196419877916
0.10526315789473684,0.031578947368421054,0.0002585196419877916
0.10526315789473684,0.039473684210526314,0.0002585196419877916
0.10526315789473684,0.04736842105263158,0.0002585196419877916
0.10526315789473684,0.05526315789473685,0.0002585196419877916
0.10526315789473684,0.06315789473684211,0.0002585196419877916
0.10526315789473684,0.07105263157894737,0.0002585196419877916
0.10526315789473684,0.07894736842105263,0.0002585196419877916
0.10526315789473684,0.0868421052631579,0.0002585196419877916
0.10526315789473684,0.09473684210526316,0.0002585196419877916
0.10526315789473684,0.10263157894736842,0.0002585196419877916
0.10526315789473684,0.1105263157894737,0.0002585196419877916
0.10526315789473684,0.11842105263157895,0.0002585196419877916
0.10526315789473684,0.12631578947368421,0.0002585196419877916
0.10526315789473684,0.13421052631578947,0.00025851964198779156
0.10526315789473684,0.14210526315789473,0.0002585196419877916
0.10526315789473684,0.14802652412280703,0.0002585196419877917
0.10526315789473684,0.15000087514943392,0.0002585196419877915
0.10526315789473684,0.15000188414038368,0.00025851964198779146
0.10526315789473684,0.15000309565325531,0.00025851964198779146
0.10526315789473684,0.1500045503376986,0.00025851964198779146
0.10526315789473684,0.1500062970024507,0.00025851964198779146
0.10526315789473684,0.15000839425300583,0.00025851964198779146
0.10526315789473684,0.15001091245799386,0.0002585196419877915
0.10526315789473684,0.1500139361102446,0.00025851964198779146
0.10526315789473684,0.1500175666617593,0.0002585196419877915
0.10526315789473684,0.15002192592770922,0.00025851964198779146
0.10526315789473684,0.15002716017367568,0.00025851964198779146
0.10526315789473684,0.15003344502327012,0.00025851964198779146
0.10526315789473684,0.15004099135079813,0.0002585196419877915
0.10526315789473684,0.15005005235668284,0.00025851964198779146
0.10526315789473684,0.15006093206304838,0.0002585196419877915
0.10526315789473684,0.15007399551451345,0.0002585196419877915
0.10526315789473684,0.1500896810264609,0.00025851964198779146
0.10526315789473684,0.15010851489174606,0.0002585196419877915
0.10526315789473684,0.1501311290392963,0.00025851964198779146
0.10526315789473684,0.1501582822370961,0.00025851964198779146
0.10526315789473684,0.1501908855509782,0.00025851964198779146
0.10526315789473684,0.15023003291343373,0.0002585196419877915
0.10526315789473684,0.15027703782811092,0.00025851964198779146
0.10526315789473684,0.15033347744154132,0.00025851964198779146
0.10526315789473684,0.15040124546082298,0.0002585196419877915
0.10526315789473684,0.15048261569279703,0.00025851964198779146
0.10526315789473684,0.15058031833663543,0.00025851964198779146
0.10526315789473684,0.1506976315896695,0.00025851964198779146
0.10526315789473684,0.15083849164009147,0.00025851964198779146
0.10526315789473684,0.1510076247370922,0.00025851964198779146
0.10526315789473684,0.15121070576975804,0.00025851964198779146
0.10526315789473684,0.15145454867549307,0.0002585196419877915
0.10526315789473684,0.15174733506670246,0.00025851964198779146
0.10526315789473684,0.15209888874680239,0.00025851964198779146
0.10526315789473684,0.15239534869124122,0.0002585196419877916
0.11578947368421053,0.001973684210526316,0.0002585196419877916
0.11578947368421053,0.007894736842105263,0.0002585196419877916
0.11578947368421053,0.015789473684210527,0.0002585196419877916
0.11578947368421053,0.02368421052631579,0.0002585196419877916
0.11578947368421053,0.031578947368421054,0.0002585196419877916
0.11578947368421053,0.039473684210526314,0.0002585196419877916
0.11578947368421053,0.04736842105263158,0.0002585196419877916
0.11578947368421053,0.05526315789473685,0.0002585196419877916
0.11578947368421053,0.06315789473684211,0.0002585196419877916
0.11578947368421053,0.07105263157894737,0.0002585196419877916
0.11578947368421053,0.07894736842105263,0.0002585196419877916
0.11578947368421053,0.0868421052631579,0.0002585196419877916
0.11578947368421053,0.09473684210526316,0.0002585196419877916
0.11578947368421053,0.10263157894736842,0.0002585196419877916
0.11578947368421053,0.1105263157894737,0.00025851964198779156
0.11578947368421053,0.11842105263157895,0.0002585196419877916
0.11578947368421053,0.12631578947368421,0.00025851964198779156
0.11578947368421053,0.13421052631578947,0.0002585196419877916
0.11578947368421053,0.14210526315789473,0.00025851964198779156
0.11578947368421053,0.14802652412280703,0.0002585196419877916
0.11578947368421053,0.15000087514943392,0.0002585196419877915
0.11578947368421053,0.15000188414038368,0.00025851964198779146
0.11578947368421053,0.15000309565325531,0.00025851964198779146
0.11578947368421053,0.1500045503376986,0.00025851964198779146
0.11578947368421053,0.1500062970024507,0.00025851964198779146
0.11578947368421053,0.15000839425300583,0.00025851964198779146
0.11578947368421053,0.15001091245799386,0.0002585196419877915
0.11578947368421053,0.1500139361102446,0.00025851964198779146
0.11578947368421053,0.1500175666617593,0.00025851964198779146
0.11578947368421053,0.15002192592770922,0.00025851964198779146
0.11578947368421053,0.15002716017367568,0.0002585196419877915
0.11578947368421053,0.15003344502327012,0.00025851964198779146
0.11578947368421053,0.15004099135079813,0.00025851964198779146
0.11578947368421053,0.15005005235668284,0.00025851964198779146
0.11578947368421053,0.15006093206304838,0.0002585196419877915
0.11578947368421053,0.15007399551451345,0.0002585196419877915
0.11578947368421053,0.1500896810264609,0.00025851964198779146
0.11578947368421053,0.15010851489174606,0.00025851964198779146
0.11578947368421053,0.1501311290392963,0.00025851964198779146
0.11578947368421053,0.1501582822370961,0.00025851964198779146
0.11578947368421053,0.1501908855509782,0.00025851964198779146
0.11578947368421053,0.15023003291343373,0.00025851964198779146
0.11578947368421053,0.15027703782811092,0.00025851964198779146
0.11578947368421053,0.15033347744154132,0.00025851964198779146
0.11578947368421053,0.15040124546082298,0.0002585196419877915
0.11578947368421053,0.15048261569279703,0.0002585196419877915
0.11578947368421053,0.15058031833663543,0.0002585196419877915
0.11578947368421053,0.1506976315896695,0.00025851964198779146
0.11578947368421053,0.15083849164009147,0.00025851964198779146
0.11578947368421053,0.1510076247370922,0.00025851964198779146
0.11578947368421053,0.15121070576975804,0.00025851964198779146
0.11578947368421053,0.15145454867549307,0.0002585196419877916
0.11578947368421053,0.15174733506670246,0.00025851964198779146
0.11578947368421053,0.15209888874680239,0.00025851964198779146
0.11578947368421053,0.15239534869124122,0.0002585196419877916
0.12631578947368421,0.001973684210526316,0.0002585196419877916
0.12631578947368421,0.007894736842105263,0.0002585196419877916
0.12631578947368421,0.015789473684210527,0.0002585196419877916
0.12631578947368421,0.02368421052631579,0.0002585196419877916
0.12631578947368421,0.031578947368421054,0.0002585196419877916
0.12631578947368421,0.039473684210526314,0.0002585196419877916
0.12631578947368421,0.04736842105263158,0.0002585196419877916
0.12631578947368421,0.05526315789473685,0.0002585196419877916
0.12631578947368421,0.06315789473684211,0.0002585196419877916
0.12631578947368421,0.07105263157894737,0.0002585196419877916
0.12631578947368421,0.07894736842105263,0.0002585196419877916
0.12631578947368421,0.0868421052631579,0.0002585196419877916
0.12631578947368421,0.09473684210526316,0.0002585196419877916
0.12631578947368421,0.10263157894736842,0.0002585196419877916
0.12631578947368421,0.1105263157894737,0.0002585196419877916
0.12631578947368421,0.11842105263157895,0.0002585196419877916
0.12631578947368421,0.12631578947368421,0.0002585196419877916
0.12631578947368421,0.13421052631578947,0.0002585196419877916
0.12631578947368421,0.14210526315789473,0.00025851964198779156
0.12631578947368421,0.14802652412280703,0.0002585196419877916
0.12631578947368421,0.15000087514943392,0.0002585196419877915
0.12631578947368421,0.15000188414038368,0.00025851964198779146
0.12631578947368421,0.15000309565325531,0.00025851964198779146
0.12631578947368421,0.1500045503376986,0.00025851964198779146
0.12631578947368421,0.1500062970024507,0.00025851964198779146
0.12631578947368421,0.15000839425300583,0.00025851964198779146
0.12631578947368421,0.15001091245799386,0.0002585196419877915
0.12631578947368421,0.1500139361102446,0.00025851964198779146
0.12631578947368421,0.1500175666617593,0.00025851964198779146
0.12631578947368421,0.15002192592770922,0.00025851964198779146
0.12631578947368421,0.15002716017367568,0.0002585196419877915
0.12631578947368421,0.15003344502327012,0.00025851964198779146
0.12631578947368421,0.15004099135079813,0.00025851964198779146
0.12631578947368421,0.15005005235668284,0.00025851964198779146
0.12631578947368421,0.15006093206304838,0.0002585196419877915
0.12631578947368421,0.15007399551451345,0.0002585196419877915
0.12631578947368421,0.1500896810264609,0.00025851964198779146
0.12631578947368421,0.15010851489174606,0.00025851964198779146
0.12631578947368421,0.1501311290392963,0.00025851964198779146
0.12631578947368421,0.1501582822370961,0.00025851964198779146
0.12631578947368421,0.1501908855509782,0.00025851964198779146
0.12631578947368421,0.15023003291343373,0.00025851964198779146
0.12631578947368421,0.15027703782811092,0.00025851964198779146
0.12631578947368421,0.15033347744154132,0.00025851964198779146
0.12631578947368421,0.15040124546082298,0.0002585196419877915
0.12631578947368421,0.15048261569279703,0.0002585196419877915
0.12631578947368421,0.15058031833663543,0.00025851964198779146
0.12631578947368421,0.1506976315896695,0.00025851964198779146
0.12631578947368421,0.15083849164009147,0.00025851964198779146
0.12631578947368421,0.1510076247370922,0.00025851964198779146
0.12631578947368421,0.15121070576975804,0.00025851964198779146
0.12631578947368421,0.15145454867549307,0.0002585196419877916
0.12631578947368421,0.15174733506670246,0.00025851964198779146
0.12631578947368421,0.15209888874680239,0.00025851964198779146
0.12631578947368421,0.15239534869124122,0.0002585196419877916
0.1368421052631579,0.001973684210526316,0.0002585196419877916
0.1368421052631579,0.007894736842105263,0.0002585196419877916
0.1368421052631579,0.015789473684210527,0.0002585196419877916
0.1368421052631579,0.02368421052631579,0.0002585196419877916
0.1368421052631579,0.031578947368421054,0.0002585196419877916
0.1368421052631579,0.039473684210526314,0.0002585196419877916
0.1368421052631579,0.04736842105263158,0.0002585196419877916
0.1368421052631579,0.05526315789473685,0.0002585196419877916
0.1368421052631579,0.06315789473684211,0.0002585196419877916
0.1368421052631579,0.07105263157894737,0.0002585196419877916
0.1368421052631579,0.07894736842105263,0.0002585196419877916
0.1368421052631579,0.0868421052631579,0.0002585196419877916
0.1368421052631579,0.09473684210526316,0.0002585196419877916
0.1368421052631579,0.10263157894736842,0.0002585196419877916
0.1368421052631579,0.1105263157894737,0.0002585196419877916
0.1368421052631579,0.11842105263157895,0.0002585196419877916
0.1368421052631579,0.12631578947368421,0.0002585196419877916
0.1368421052631579,0.13421052631578947,0.0002585196419877916
0.1368421052631579,0.14210526315789473,0.0002585196419877916
0.1368421052631579,0.14802652412280703,0.0002585196419877916
0.1368421052631579,0.15000087514943392,0.00025851964198779146
0.1368421052631579,0.15000188414038368,0.00025851964198779146
0.1368421052631579,0.15000309565325531,0.00025851964198779146
0.1368421052631579,0.1500045503376986,0.00025851964198779146
0.1368421052631579,0.1500062970024507,0.00025851964198779146
0.1368421052631579,0.15000839425300583,0.00025851964198779146
0.1368421052631579,0.15001091245799386,0.0002585196419877915
0.1368421052631579,0.1500139361102446,0.00025851964198779146
0.1368421052631579,0.1500175666617593,0.00025851964198779146
0.1368421052631579,0.15002192592770922,0.00025851964198779146
0.1368421052631579,0.15002716017367568,0.00025851964198779146
0.1368421052631579,0.15003344502327012,0.00025851964198779146
0.1368421052631579,0.15004099135079813,0.0002585196419877915
0.1368421052631579,0.15005005235668284,0.00025851964198779146
0.1368421052631579,0.15006093206304838,0.0002585196419877915
0.1368421052631579,0.15007399551451345,0.0002585196419877915
0.1368421052631579,0.1500896810264609,0.00025851964198779146
0.1368421052631579,0.15010851489174606,0.00025851964198779146
0.1368421052631579,0.1501311290392963,0.00025851964198779146
0.1368421052631579,0.1501582822370961,0.00025851964198779146
0.1368421052631579,0.1501908855509782,0.00025851964198779146
0.1368421052631579,0.15023003291343373,0.00025851964198779146
0.1368421052631579,0.15027703782811092,0.00025851964198779146
0.1368421052631579,0.15033347744154132,0.00025851964198779146
0.1368421052631579,0.15040124546082298,0.0002585196419877915
0.1368421052631579,0.15048261569279703,0.00025851964198779146
0.1368421052631579,0.15058031833663543,0.00025851964198779146
0.1368421052631579,0.1506976315896695,0.00025851964198779146
0.1368421052631579,0.15083849164009147,0.00025851964198779146
0.1368421052631579,0.1510076247370922,0.00025851964198779146
0.1368421052631579,0.15121070576975804,0.00025851964198779146
0.1368421052631579,0.15145454867549307,0.0002585196419877915
0.1368421052631579,0.15174733506670246,0.00025851964198779146
0.1368421052631579,0.15209888874680239,0.00025851964198779146
0.1368421052631579,0.15239534869124122,0.0002585196419877916
0.14736842105263157,0.001973684210526316,0.0002585196419877916
0.14736842105263157,0.007894736842105263,0.0002585196419877916
0.14736842105263157,0.015789473684210527,0.0002585196419877916
0.14736842105263157,0.02368421052631579,0.0002585196419877916
0.14736842105263157,0.031578947368421054,0.0002585196419877916
0.14736842105263157,0.039473684210526314,0.0002585196419877916
0.14736842105263157,0.04736842105263158,0.0002585196419877916
0.14736842105263157,0.05526315789473685,0.0002585196419877916
0.14736842105263157,0.06315789473684211,0.0002585196419877916
0.14736842105263157,0.07105263157894737,0.0002585196419877916
0.14736842105263157,0.07894736842105263,0.0002585196419877916
0.14736842105263157,0.0868421052631579,0.0002585196419877916
0.14736842105263157,0.09473684210526316,0.0002585196419877916
0.14736842105263157,0.10263157894736842,0.0002585196419877916
0.14736842105263157,0.1105263157894737,0.0002585196419877916
0.14736842105263157,0.11842105263157895,0.0002585196419877916
0.14736842105263157,0.12631578947368421,0.0002585196419877916
0.14736842105263157,0.13421052631578947,0.0002585196419877916
0.14736842105263157,0.14210526315789473,0.00025851964198779156
0.14736842105263157,0.14802652412280703,0.0002585196419877917
0.14736842105263157,0.15000087514943392,0.00025851964198779146
0.14736842105263157,0.15000188414038368,0.00025851964198779146
0.14736842105263157,0.15000309565325531,0.00025851964198779146
0.14736842105263157,0.1500045503376986,0.00025851964198779146
0.14736842105263157,0.1500062970024507,0.00025851964198779146
0.14736842105263157,0.15000839425300583,0.00025851964198779146
0.14736842105263157,0.15001091245799386,0.0002585196419877915
0.14736842105263157,0.1500139361102446,0.00025851964198779146
0.14736842105263157,0.1500175666617593,0.00025851964198779146
0.14736842105263157,0.15002192592770922,0.00025851964198779146
0.14736842105263157,0.15002716017367568,0.0002585196419877915
0.14736842105263157,0.15003344502327012,0.00025851964198779146
0.14736842105263157,0.15004099135079813,0.00025851964198779146
0.14736842105263157,0.15005005235668284,0.00025851964198779146
0.14736842105263157,0.15006093206304838,0.00025851964198779146
0.14736842105263157,0.15007399551451345,0.0002585196419877915
0.14736842105263157,0.1500896810264609,0.00025851964198779146
0.14736842105263157,0.15010851489174606,0.00025851964198779146
0.14736842105263157,0.1501311290392963,0.00025851964198779146
0.14736842105263157,0.1501582822370961,0.00025851964198779146
0.14736842105263157,0.1501908855509782,0.00025851964198779146
0.14736842105263157,0.15023003291343373,0.00025851964198779146
0.14736842105263157,0.15027703782811092,0.00025851964198779146
0.14736842105263157,0.15033347744154132,0.0002585196419877915
0.14736842105263157,0.15040124546082298,0.00025851964198779146
0.14736842105263157,0.15048261569279703,0.00025851964198779146
0.14736842105263157,0.15058031833663543,0.0002585196419877915
0.14736842105263157,0.1506976315896695,0.00025851964198779146
0.14736842105263157,0.15083849164009147,0.00025851964198779146
0.14736842105263157,0.1510076247370922,0.00025851964198779146
0.14736842105263157,0.15121070576975804,0.00025851964198779146
0.14736842105263157,0.15145454867549307,0.0002585196419877915
0.14736842105263157,0.15174733506670246,0.00025851964198779146
0.14736842105263157,0.15209888874680239,0.00025851964198779146
0.14736842105263157,0.15239534869124122,0.0002585196419877916
0.15789473684210525,0.001973684210526316,0.0002585196419877916
0.15789473684210525,0.007894736842105263,0.0002585196419877916
0.15789473684210525,0.015789473684210527,0.0002585196419877916
0.15789473684210525,0.02368421052631579,0.0002585196419877916
0.15789473684210525,0.031578947368421054,0.0002585196419877916
0.15789473684210525,0.039473684210526314,0.0002585196419877916
0.15789473684210525,0.04736842105263158,0.0002585196419877916
0.15789473684210525,0.05526315789473685,0.0002585196419877916
0.15789473684210525,0.06315789473684211,0.0002585196419877916
0.15789473684210525,0.07105263157894737,0.0002585196419877916
0.15789473684210525,0.07894736842105263,0.0002585196419877916
0.15789473684210525,0.0868421052631579,0.0002585196419877916
0.15789473684210525,0.09473684210526316,0.0002585196419877916
0.15789473684210525,0.10263157894736842,0.0002585196419877916
0.15789473684210525,0.1105263157894737,0.0002585196419877916
0.15789473684210525,0.11842105263157895,0.0002585196419877916
0.15789473684210525,0.12631578947368421,0.0002585196419877916
0.15789473684210525,0.13421052631578947,0.0002585196419877916
0.15789473684210525,0.14210526315789473,0.0002585196419877916
0.15789473684210525,0.14802652412280703,0.0002585196419877917
0.15789473684210525,0.15000087514943392,0.0002585196419877915
0.15789473684210525,0.15000188414038368,0.00025851964198779146
0.15789473684210525,0.15000309565325531,0.00025851964198779146
0.15789473684210525,0.1500045503376986,0.00025851964198779146
0.15789473684210525,0.1500062970024507,0.00025851964198779146
0.15789473684210525,0.15000839425300583,0.00025851964198779146
0.15789473684210525,0.15001091245799386,0.0002585196419877915
0.15789473684210525,0.1500139361102446,0.00025851964198779146
0.15789473684210525,0.1500175666617593,0.00025851964198779146
0.15789473684210525,0.15002192592770922,0.00025851964198779146
0.15789473684210525,0.15002716017367568,0.0002585196419877915
0.15789473684210525,0.15003344502327012,0.00025851964198779146
0.15789473684210525,0.15004099135079813,0.00025851964198779146
0.15789473684210525,0.15005005235668284,0.00025851964198779146
0.15789473684210525,0.15006093206304838,0.0002585196419877915
0.15789473684210525,0.15007399551451345,0.0002585196419877915
0.15789473684210525,0.1500896810264609,0.00025851964198779146
0.15789473684210525,0.15010851489174606,0.00025851964198779146
0.15789473684210525,0.1501311290392963,0.00025851964198779146
0.15789473684210525,0.1501582822370961,0.00025851964198779146
0.15789473684210525,0.1501908855509782,0.00025851964198779146
0.15789473684210525,0.15023003291343373,0.00025851964198779146
0.15789473684210525,0.15027703782811092,0.00025851964198779146
0.15789473684210525,0.15033347744154132,0.00025851964198779146
0.15789473684210525,0.15040124546082298,0.0002585196419877915
0.15789473684210525,0.15048261569279703,0.00025851964198779146
0.15789473684210525,0.15058031833663543,0.0002585196419877915
0.15789473684210525,0.1506976315896695,0.00025851964198779146
0.15789473684210525,0.15083849164009147,0.00025851964198779146
0.15789473684210525,0.1510076247370922,0.00025851964198779146
0.15789473684210525,0.15121070576975804,0.00025851964198779146
0.15789473684210525,0.15145454867549307,0.0002585196419877916
0.15789473684210525,0.15174733506670246,0.00025851964198779146
0.15789473684210525,0.15209888874680239,0.00025851964198779146
0.15789473684210525,0.15239534869124122,0.0002585196419877916
0.16842105263157894,0.001973684210526316,0.0002585196419877916
0.16842105263157894,0.007894736842105263,0.0002585196419877916
0.16842105263157894,0.015789473684210527,0.0002585196419877916
0.16842105263157894,0.02368421052631579,0.0002585196419877916
0.16842105263157894,0.031578947368421054,0.0002585196419877916
0.16842105263157894,0.039473684210526314,0.0002585196419877916
0.16842105263157894,0.04736842105263158,0.0002585196419877916
0.16842105263157894,0.05526315789473685,0.0002585196419877916
0.16842105263157894,0.06315789473684211,0.0002585196419877916
0.16842105263157894,0.07105263157894737,0.0002585196419877916
0.16842105263157894,0.07894736842105263,0.0002585196419877916
0.16842105263157894,0.0868421052631579,0.0002585196419877916
0.16842105263157894,0.09473684210526316,0.0002585196419877916
0.16842105263157894,0.10263157894736842,0.0002585196419877916
0.16842105263157894,0.1105263157894737,0.0002585196419877916
0.16842105263157894,0.11842105263157895,0.0002585196419877916
0.16842105263157894,0.12631578947368421,0.0002585196419877916
0.16842105263157894,0.13421052631578947,0.0002585196419877916
0.16842105263157894,0.14210526315789473,0.0002585196419877916
0.16842105263157894,0.14802652412280703,0.0002585196419877917
0.16842105263157894,0.15000087514943392,0.00025851964198779146
0.16842105263157894,0.15000188414038368,0.00025851964198779146
0.16842105263157894,0.15000309565325531,0.00025851964198779146
0.16842105263157894,0.1500045503376986,0.00025851964198779146
0.16842105263157894,0.1500062970024507,0.00025851964198779146
0.16842105263157894,0.15000839425300583,0.00025851964198779146
0.16842105263157894,0.15001091245799386,0.0002585196419877915
0.16842105263157894,0.1500139361102446,0.00025851964198779146
0.16842105263157894,0.1500175666617593,0.00025851964198779146
0.16842105263157894,0.15002192592770922,0.00025851964198779146
0.16842105263157894,0.15002716017367568,0.00025851964198779146
0.16842105263157894,0.15003344502327012,0.0002585196419877915
0.16842105263157894,0.15004099135079813,0.00025851964198779146
0.16842105263157894,0.15005005235668284,0.00025851964198779146
0.16842105263157894,0.15006093206304838,0.00025851964198779146
0.16842105263157894,0.15007399551451345,0.0002585196419877915
0.16842105263157894,0.1500896810264609,0.00025851964198779146
0.16842105263157894,0.15010851489174606,0.00025851964198779146
0.16842105263157894,0.1501311290392963,0.00025851964198779146
0.16842105263157894,0.1501582822370961,0.00025851964198779146
0.16842105263157894,0.1501908855509782,0.00025851964198779146
0.16842105263157894,0.15023003291343373,0.0002585196419877915
0.16842105263157894,0.15027703782811092,0.0002585196419877915
0.16842105263157894,0.15033347744154132,0.00025851964198779146
0.16842105263157894,0.15040124546082298,0.0002585196419877915
0.16842105263157894,0.15048261569279703,0.00025851964198779146
0.16842105263157894,0.15058031833663543,0.00025851964198779146
0.16842105263157894,0.1506976315896695,0.00025851964198779146
0.16842105263157894,0.15083849164009147,0.00025851964198779146
0.16842105263157894,0.1510076247370922,0.00025851964198779146
0.16842105263157894,0.15121070576975804,0.00025851964198779146
0.16842105263157894,0.15145454867549307,0.0002585196419877916
0.16842105263157894,0.15174733506670246,0.00025851964198779146
0.16842105263157894,0.15209888874680239,0.00025851964198779146
0.16842105263157894,0.15239534869124122,0.0002585196419877916
0.17894736842105263,0.001973684210526316,0.0002585196419877916
0.17894736842105263,0.007894736842105263,0.0002585196419877916
0.17894736842105263,0.015789473684210527,0.0002585196419877916
0.17894736842105263,0.02368421052631579,0.0002585196419877916
0.17894736842105263,0.031578947368421054,0.0002585196419877916
0.17894736842105263,0.039473684210526314,0.0002585196419877916
0.17894736842105263,0.04736842105263158,0.0002585196419877916
0.17894736842105263,0.05526315789473685,0.0002585196419877916
0.17894736842105263,0.06315789473684211,0.0002585196419877916
0.17894736842105263,0.07105263157894737,0.0002585196419877916
0.17894736842105263,0.07894736842105263,0.0002585196419877916
0.17894736842105263,0.0868421052631579,0.0002585196419877916
0.17894736842105263,0.09473684210526316,0.0002585196419877916
0.17894736842105263,0.10263157894736842,0.0002585196419877916
0.17894736842105263,0.1105263157894737,0.0002585196419877916
0.17894736842105263,0.11842105263157895,0.0002585196419877916
0.17894736842105263,0.12631578947368421,0.0002585196419877916
0.17894736842105263,0.13421052631578947,0.0002585196419877916
0.17894736842105263,0.14210526315789473,0.0002585196419877916
0.17894736842105263,0.14802652412280703,0.0002585196419877916
0.17894736842105263,0.15000087514943392,0.00025851964198779146
0.17894736842105263,0.15000188414038368,0.00025851964198779146
0.17894736842105263,0.15000309565325531,0.00025851964198779146
0.17894736842105263,0.1500045503376986,0.00025851964198779146
0.17894736842105263,0.1500062970024507,0.00025851964198779146
0.17894736842105263,0.15000839425300583,0.00025851964198779146
0.17894736842105263,0.15001091245799386,0.0002585196419877915
0.17894736842105263,0.1500139361102446,0.00025851964198779146
0.17894736842105263,0.1500175666617593,0.0002585196419877915
0.17894736842105263,0.15002192592770922,0.00025851964198779146
0.17894736842105263,0.15002716017367568,0.00025851964198779146
0.17894736842105263,0.15003344502327012,0.0002585196419877915
0.17894736842105263,0.15004099135079813,0.00025851964198779146
0.17894736842105263,0.15005005235668284,0.00025851964198779146
0.17894736842105263,0.15006093206304838,0.00025851964198779146
0.17894736842105263,0.15007399551451345,0.0002585196419877915
0.17894736842105263,0.1500896810264609,0.00025851964198779146
0.17894736842105263,0.15010851489174606,0.00025851964198779146
0.17894736842105263,0.1501311290392963,0.00025851964198779146
0.17894736842105263,0.1501582822370961,0.00025851964198779146
0.17894736842105263,0.1501908855509782,0.00025851964198779146
0.17894736842105263,0.15023003291343373,0.0002585196419877915
0.17894736842105263,0.15027703782811092,0.0002585196419877915
0.17894736842105263,0.15033347744154132,0.00025851964198779146
0.17894736842105263,0.15040124546082298,0.0002585196419877915
0.17894736842105263,0.15048261569279703,0.00025851964198779146
0.17894736842105263,0.15058031833663543,0.00025851964198779146
0.17894736842105263,0.1506976315896695,0.00025851964198779146
0.17894736842105263,0.15083849164009147,0.00025851964198779146
0.17894736842105263,0.1510076247370922,0.00025851964198779146
0.17894736842105263,0.15121070576975804,0.00025851964198779146
0.17894736842105263,0.15145454867549307,0.0002585196419877916
0.17894736842105263,0.15174733506670246,0.00025851964198779146
0.17894736842105263,0.15209888874680239,0.00025851964198779146
0.17894736842105263,0.15239534869124122,0.0002585196419877916
0.18947368421052632,0.001973684210526316,0.0002585196419877916
0.18947368421052632,0.007894736842105263,0.0002585196419877916
0.18947368421052632,0.015789473684210527,0.0002585196419877916
0.18947368421052632,0.02368421052631579,0.0002585196419877916
0.18947368421052632,0.031578947368421054,0.0002585196419877916
0.18947368421052632,0.039473684210526314,0.0002585196419877916
0.18947368421052632,0.04736842105263158,0.0002585196419877916
0.18947368421052632,0.05526315789473685,0.0002585196419877916
0.18947368421052632,0.06315789473684211,0.0002585196419877916
0.18947368421052632,0.07105263157894737,0.0002585196419877916
0.18947368421052632,0.07894736842105263,0.0002585196419877916
0.18947368421052632,0.0868421052631579,0.0002585196419877916
0.18947368421052632,0.09473684210526316,0.0002585196419877916
0.18947368421052632,0.10263157894736842,0.0002585196419877916
0.18947368421052632,0.1105263157894737,0.0002585196419877916
0.18947368421052632,0.11842105263157895,0.0002585196419877916
0.18947368421052632,0.12631578947368421,0.0002585196419877916
0.18947368421052632,0.13421052631578947,0.00025851964198779156
0.18947368421052632,0.14210526315789473,0.0002585196419877916
0.18947368421052632,0.14802652412280703,0.0002585196419877916
0.18947368421052632,0.15000087514943392,0.00025851964198779146
0.18947368421052632,0.15000188414038368,0.00025851964198779146
0.18947368421052632,0.15000309565325531,0.00025851964198779146
0.18947368421052632,0.1500045503376986,0.00025851964198779146
0.18947368421052632,0.1500062970024507,0.00025851964198779146
0.18947368421052632,0.15000839425300583,0.00025851964198779146
0.18947368421052632,0.15001091245799386,0.0002585196419877915
0.18947368421052632,0.1500139361102446,0.00025851964198779146
0.18947368421052632,0.1500175666617593,0.00025851964198779146
0.18947368421052632,0.15002192592770922,0.00025851964198779146
0.18947368421052632,0.15002716017367568,0.00025851964198779146
0.18947368421052632,0.15003344502327012,0.00025851964198779146
0.18947368421052632,0.15004099135079813,0.00025851964198779146
0.18947368421052632,0.15005005235668284,0.00025851964198779146
0.18947368421052632,0.15006093206304838,0.00025851964198779146
0.18947368421052632,0.15007399551451345,0.0002585196419877915
0.18947368421052632,0.1500896810264609,0.00025851964198779146
0.18947368421052632,0.15010851489174606,0.00025851964198779146
0.18947368421052632,0.1501311290392963,0.00025851964198779146
0.18947368421052632,0.1501582822370961,0.00025851964198779146
0.18947368421052632,0.1501908855509782,0.00025851964198779146
0.18947368421052632,0.15023003291343373,0.00025851964198779146
0.18947368421052632,0.15027703782811092,0.00025851964198779146
0.18947368421052632,0.15033347744154132,0.00025851964198779146
0.18947368421052632,0.15040124546082298,0.0002585196419877915
0.18947368421052632,0.15048261569279703,0.00025851964198779146
0.18947368421052632,0.15058031833663543,0.00025851964198779146
0.18947368421052632,0.1506976315896695,0.00025851964198779146
0.18947368421052632,0.15083849164009147,0.00025851964198779146
0.18947368421052632,0.1510076247370922,0.00025851964198779146
0.18947368421052632,0.15121070576975804,0.00025851964198779146
0.18947368421052632,0.15145454867549307,0.0002585196419877916
0.18947368421052632,0.15174733506670246,0.00025851964198779146
0.18947368421052632,0.15209888874680239,0.00025851964198779146
0.18947368421052632,0.15239534869124122,0.0002585196419877916
0.19736842105263158,0.001973684210526316,0.0002585196419877917
0.19736842105263158,0.007894736842105263,0.0002585196419877917
0.19736842105263158,0.015789473684210527,0.0002585196419877917
0.19736842105263158,0.02368421052631579,0.0002585196419877917
0.19736842105263158,0.031578947368421054,0.0002585196419877917
0.19736842105263158,0.039473684210526314,0.0002585196419877917
0.19736842105263158,0.04736842105263158,0.0002585196419877917
0.19736842105263158,0.05526315789473685,0.0002585196419877917
0.19736842105263158,0.06315789473684211,0.0002585196419877917
0.19736842105263158,0.07105263157894737,0.0002585196419877917
0.19736842105263158,0.07894736842105263,0.0002585196419877917
0.19736842105263158,0.0868421052631579,0.0002585196419877917
0.19736842105263158,0.09473684210526316,0.0002585196419877917
0.19736842105263158,0.10263157894736842,0.0002585196419877917
0.19736842105263158,0.1105263157894737,0.0002585196419877917
0.19736842105263158,0.11842105263157895,0.0002585196419877917
0.19736842105263158,0.12631578947368421,0.0002585196419877917
0.19736842105263158,0.13421052631578947,0.0002585196419877917
0.19736842105263158,0.14210526315789473,0.0002585196419877917
0.19736842105263158,0.14802652412280703,0.0002585196419877917
0.19736842105263158,0.15000087514943392,0.0002585196419877916
0.19736842105263158,0.15000188414038368,0.0002585196419877916
0.19736842105263158,0.15000309565325531,0.0002585196419877916
0.19736842105263158,0.1500045503376986,0.0002585196419877916
0.19736842105263158,0.1500062970024507,0.0002585196419877916
0.19736842105263158,0.15000839425300583,0.0002585196419877916
0.19736842105263158,0.15001091245799386,0.0002585196419877916
0.19736842105263158,0.1500139361102446,0.0002585196419877916
0.19736842105263158,0.1500175666617593,0.0002585196419877916
0.19736842105263158,0.15002192592770922,0.0002585196419877916
0.19736842105263158,0.15002716017367568,0.0002585196419877916
0.19736842105263158,0.15003344502327012,0.0002585196419877916
0.19736842105263158,0.15004099135079813,0.0002585196419877916
0.19736842105263158,0.15005005235668284,0.0002585196419877916
0.19736842105263158,0.15006093206304838,0.0002585196419877916
0.19736842105263158,0.15007399551451345,0.0002585196419877916
0.19736842105263158,0.1500896810264609,0.0002585196419877916
0.19736842105263158,0.15010851489174606,0.0002585196419877916
0.19736842105263158,0.1501311290392963,0.0002585196419877916
0.19736842105263158,0.1501582822370961,0.0002585196419877916
0.19736842105263158,0.1501908855509782,0.0002585196419877916
0.19736842105263158,0.15023003291343373,0.0002585196419877916
0.19736842105263158,0.15027703782811092,0.0002585196419877916
0.19736842105263158,0.15033347744154132,0.0002585196419877916
0.19736842105263158,0.15040124546082298,0.0002585196419877916
0.19736842105263158,0.15048261569279703,0.0002585196419877916
0.19736842105263158,0.15058031833663543,0.0002585196419877916
0.19736842105263158,0.1506976315896695,0.0002585196419877916
0.19736842105263158,0.15083849164009147,0.0002585196419877916
0.19736842105263158,0.1510076247370922,0.0002585196419877916
0.19736842105263158,0.15121070576975804,0.0002585196419877916
0.19736842105263158,0.15145454867549307,0.0002585196419877916
0.19736842105263158,0.15174733506670246,0.0002585196419877916
0.19736842105263158,0.15209888874680239,0.0002585196419877916
0.19736842105263158,0.15239534869124122,0.0002585196419877916
